<?xml version="1.0" encoding="GB2312"?>
<msg>
  <rvHeader>
    <source>
      <application>Y1.MES</application>
      <msgBus>MBX</msgBus>
      <domain>Y1</domain>
      <address>FWSRVdefault</address>
    </source>
    <destination>
      <application>Y1.R2R</application>
      <msgBus>TibRv</msgBus>
      <domain>Y1</domain>
      <address>YMTCQATEST.R2R.MES.&gt;</address>
    </destination>
    <replyApplication>
      <addressNo>2</addressNo>
      <address applicationName="Y1.MES" seq="1">replyBox.24242</address>
      <address applicationName="Y1.MES" seq="2">YMTCQATEST.XMLCOMMSRV_REPLY.YMTCTEST.MES_MBX_QATEST</address>
    </replyApplication>
  </rvHeader>
  <msgHeader>
    <srvAddr />
    <reqAddr>YMTCTEST.24074.SendExposureContext.20180710103620038</reqAddr>
    <msgOwner />
    <srvMethod>SendExposureContext</srvMethod>
    <srvId />
    <timeStamp>20180710 103620</timeStamp>
    <timeOut>60</timeOut>
    <txId>36681</txId>
    <locale>EN</locale>
    <retCode>0</retCode>
    <retMsg />
  </msgHeader>
  <msgBody>
    <eventName>JobPrep</eventName>
    <fabName>Fab1</fabName>
    <eqpId>UMOVL01</eqpId>
    <area>AMAT</area>
    <batchId>FWADM_FP300_12763</batchId>
    <lotCnt>1</lotCnt>
    <lot>
      <lotId>A870132</lotId>
      <lotType>E1</lotType>
      <lotQty>25</lotQty>
      <motherLot>A870132</motherLot>
      <rootLotId>A870132</rootLotId>
      <area>AMAT</area>
      <fabName>Fab1</fabName>
      <technology>24nm</technology>
      <productId>LITHOPRD.0</productId>
      <productType>Normal</productType>
      <planId>LITHO-TOP.1</planId>
      <subPlanId>LITHO-SUB01.0</subPlanId>
      <metrologyStepName>UMOVL-01</metrologyStepName>
      <metrologyStepSequence>00008.10.00020</metrologyStepSequence>
      <metrologyToolName>UMOVL01</metrologyToolName>
      <stage>LITHO-L1</stage>
      <metrologyRecipeName>OVL01_618</metrologyRecipeName>
      <layerName>618</layerName>
      <rework>Normal</rework>
      <reworkCnt>0</reworkCnt>
      <processingStatus>Active</processingStatus>
      <pilotFlag>N</pilotFlag>
      <runcardFlag>N</runcardFlag>
      <r2rMode>OVL_On</r2rMode>
      <waferIds>A870132#01,A870132#02,A870132#03,A870132#04,A870132#05,A870132#06,A870132#07,A870132#08,A870132#09,A870132#10,A870132#11,A870132#12,A870132#13,A870132#14,A870132#15,A870132#16,A870132#17,A870132#18,A870132#19,A870132#20,A870132#21,A870132#22,A870132#23,A870132#24,A870132#25</waferIds>
      <slotIds>001,002,003,004,005,006,007,008,009,010,011,012,013,014,015,016,017,018,019,020,021,022,023,024,025</slotIds>
    </lot>
  </msgBody>
</msg>