<?xml version="1.0" encoding="GB2312"?>
<msg>
  <rvHeader>
    <source>
      <application>Y1.MES</application>
      <msgBus>MBX</msgBus>
      <domain>Y1</domain>
      <address>FWSRVdefault</address>
    </source>
    <destination>
      <application>Y1.R2R</application>
      <msgBus>TibRv</msgBus>
      <domain>Y1</domain>
      <address>YMTCQATEST.R2R.MES.&gt;</address>
    </destination>
    <replyApplication>
      <addressNo>2</addressNo>
      <address applicationName="Y1.MES" seq="1">replyBox.13545</address>
      <address applicationName="Y1.MES" seq="2">YMTCQATEST.XMLCOMMSRV_REPLY.YMTCTEST.MES_MBX_QATEST</address>
    </replyApplication>
  </rvHeader>
  <msgHeader>
    <srvAddr />
    <reqAddr>YMTCTEST.12435.UsedSettings.20180703174515518</reqAddr>
    <msgOwner />
    <srvMethod>UsedSettings</srvMethod>
    <srvId />
    <timeStamp>20180703 174515</timeStamp>
    <timeOut>0</timeOut>
    <txId>35826</txId>
    <locale>EN</locale>
    <retCode>0</retCode>
    <retMsg />
  </msgHeader>
  <msgBody>
    <eventName>JobOut</eventName>
    <fabName>Fab1</fabName>
    <eqpId>UPLITHO03</eqpId>
    <area />
    <batchId>FWADM_FP300_12251</batchId>
    <lotCnt>1</lotCnt>
    <lot>
      <lotId>A870112</lotId>
      <lotType>E1</lotType>
      <lotQty>25</lotQty>
      <motherLot>A870112</motherLot>
      <rootLotId>A870112</rootLotId>
      <area />
      <fabName>Fab1</fabName>
      <technology>24nm</technology>
      <productId>LITHOPRD.0</productId>
      <productType>Normal</productType>
      <planId>LITHO-TOP.1</planId>
      <subPlanId>LITHO-SUB03.0</subPlanId>
      <stepName>UPLITHO-03</stepName>
      <stepSequence>00095.10.00100</stepSequence>
      <stage>LITHO-L3</stage>
      <recipeId>RCP03@SCNRCP01.637AA1</recipeId>
      <layerName>637</layerName>
      <rework>Normal</rework>
      <reworkCnt>0</reworkCnt>
      <eqpId>UPLITHO03</eqpId>
      <chambers />
      <processingStatus>Active</processingStatus>
      <pilotFlag>Y</pilotFlag>
      <runcardFlag>N</runcardFlag>
      <r2rMode>L2L</r2rMode>
      <reticleId>000001-00001-003</reticleId>
      <setpoints>
        <parameter>
          <paraName>Energy</paraName>
          <paraValue>60</paraValue>
        </parameter>
        <parameter>
          <paraName>Focus</paraName>
          <paraValue>60</paraValue>
        </parameter>
        <parameter>
          <paraName>TRANS_X</paraName>
          <paraValue>0</paraValue>
        </parameter>
        <parameter>
          <paraName>TRANS_Y</paraName>
          <paraValue>1</paraValue>
        </parameter>
        <parameter>
          <paraName>WFR_ROT_X</paraName>
          <paraValue>2</paraValue>
        </parameter>
        <parameter>
          <paraName>WFR_ROT_Y</paraName>
          <paraValue>3</paraValue>
        </parameter>
        <parameter>
          <paraName>WFR_MAG_X</paraName>
          <paraValue>4</paraValue>
        </parameter>
        <parameter>
          <paraName>WFR_MAG_Y</paraName>
          <paraValue>5</paraValue>
        </parameter>
        <parameter>
          <paraName>SHT_ROT_X</paraName>
          <paraValue>7</paraValue>
        </parameter>
        <parameter>
          <paraName>SHT_ROT_Y</paraName>
          <paraValue>6</paraValue>
        </parameter>
        <parameter>
          <paraName>SHT_MAG_X</paraName>
          <paraValue>7</paraValue>
        </parameter>
        <parameter>
          <paraName>SHT_MAG_Y</paraName>
          <paraValue>6</paraValue>
        </parameter>
      </setpoints>
      <lotProcessedValues>
        <parameter>
          <paraName>Energy</paraName>
          <paraValue>60</paraValue>
        </parameter>
        <parameter>
          <paraName>Focus</paraName>
          <paraValue>0.3</paraValue>
        </parameter>
        <parameter>
          <paraName>TRANS_X</paraName>
          <paraValue>0</paraValue>
        </parameter>
        <parameter>
          <paraName>TRANS_Y</paraName>
          <paraValue>1</paraValue>
        </parameter>
        <parameter>
          <paraName>WFR_ROT_X</paraName>
          <paraValue>2</paraValue>
        </parameter>
        <parameter>
          <paraName>WFR_ROT_Y</paraName>
          <paraValue>3</paraValue>
        </parameter>
        <parameter>
          <paraName>WFR_MAG_X</paraName>
          <paraValue>4</paraValue>
        </parameter>
        <parameter>
          <paraName>WFR_MAG_Y</paraName>
          <paraValue>5</paraValue>
        </parameter>
        <parameter>
          <paraName>SHT_ROT_X</paraName>
          <paraValue>7</paraValue>
        </parameter>
        <parameter>
          <paraName>SHT_ROT_Y</paraName>
          <paraValue>6</paraValue>
        </parameter>
        <parameter>
          <paraName>SHT_MAG_X</paraName>
          <paraValue>7</paraValue>
        </parameter>
        <parameter>
          <paraName>SHT_MAG_Y</paraName>
          <paraValue>6</paraValue>
        </parameter>
      </lotProcessedValues>
      <waferProcessedValues>
        <wafer>
          <waferId>A870112#01</waferId>
          <slotId>001</slotId>
          <processedChambers />
          <parameter />
        </wafer>
        <wafer>
          <waferId>A870112#02</waferId>
          <slotId>002</slotId>
          <processedChambers />
          <parameter />
        </wafer>
        <wafer>
          <waferId>A870112#03</waferId>
          <slotId>003</slotId>
          <processedChambers />
          <parameter />
        </wafer>
        <wafer>
          <waferId>A870112#04</waferId>
          <slotId>004</slotId>
          <processedChambers />
          <parameter />
        </wafer>
        <wafer>
          <waferId>A870112#05</waferId>
          <slotId>005</slotId>
          <processedChambers />
          <parameter />
        </wafer>
        <wafer>
          <waferId>A870112#06</waferId>
          <slotId>006</slotId>
          <processedChambers />
          <parameter />
        </wafer>
        <wafer>
          <waferId>A870112#07</waferId>
          <slotId>007</slotId>
          <processedChambers />
          <parameter />
        </wafer>
        <wafer>
          <waferId>A870112#08</waferId>
          <slotId>008</slotId>
          <processedChambers />
          <parameter />
        </wafer>
        <wafer>
          <waferId>A870112#09</waferId>
          <slotId>009</slotId>
          <processedChambers />
          <parameter />
        </wafer>
        <wafer>
          <waferId>A870112#10</waferId>
          <slotId>010</slotId>
          <processedChambers />
          <parameter />
        </wafer>
        <wafer>
          <waferId>A870112#11</waferId>
          <slotId>011</slotId>
          <processedChambers />
          <parameter />
        </wafer>
        <wafer>
          <waferId>A870112#12</waferId>
          <slotId>012</slotId>
          <processedChambers />
          <parameter />
        </wafer>
        <wafer>
          <waferId>A870112#13</waferId>
          <slotId>013</slotId>
          <processedChambers />
          <parameter />
        </wafer>
        <wafer>
          <waferId>A870112#14</waferId>
          <slotId>014</slotId>
          <processedChambers />
          <parameter />
        </wafer>
        <wafer>
          <waferId>A870112#15</waferId>
          <slotId>015</slotId>
          <processedChambers />
          <parameter />
        </wafer>
        <wafer>
          <waferId>A870112#16</waferId>
          <slotId>016</slotId>
          <processedChambers />
          <parameter />
        </wafer>
        <wafer>
          <waferId>A870112#17</waferId>
          <slotId>017</slotId>
          <processedChambers />
          <parameter />
        </wafer>
        <wafer>
          <waferId>A870112#18</waferId>
          <slotId>018</slotId>
          <processedChambers />
          <parameter />
        </wafer>
        <wafer>
          <waferId>A870112#19</waferId>
          <slotId>019</slotId>
          <processedChambers />
          <parameter />
        </wafer>
        <wafer>
          <waferId>A870112#20</waferId>
          <slotId>020</slotId>
          <processedChambers />
          <parameter />
        </wafer>
        <wafer>
          <waferId>A870112#21</waferId>
          <slotId>021</slotId>
          <processedChambers />
          <parameter />
        </wafer>
        <wafer>
          <waferId>A870112#22</waferId>
          <slotId>022</slotId>
          <processedChambers />
          <parameter />
        </wafer>
        <wafer>
          <waferId>A870112#23</waferId>
          <slotId>023</slotId>
          <processedChambers />
          <parameter />
        </wafer>
        <wafer>
          <waferId>A870112#24</waferId>
          <slotId>024</slotId>
          <processedChambers />
          <parameter />
        </wafer>
        <wafer>
          <waferId>A870112#25</waferId>
          <slotId>025</slotId>
          <processedChambers />
          <parameter />
        </wafer>
      </waferProcessedValues>
    </lot>
  </msgBody>
</msg>