﻿<?xml version="1.0" encoding="utf-8"?>
<msg xmlns:xsd="http://www.w3.org/2001/XMLSchema" xmlns:xsi="http://www.w3.org/2001/XMLSchema-instance">
  <rvHeader>
    <source>
      <application>Y1.MES</application>
      <msgBus>TibRv</msgBus>
      <domain>Y1</domain>
      <address>YMTCQATEST.OFF.XMLCOMMSRV.&gt;</address>
    </source>
    <destination>
      <application>Y1.R2R</application>
      <msgBus>TibRv</msgBus>
      <domain>Y1</domain>
      <address>YMTCQATEST.R2R.MES.001</address>
    </destination>
    <replyApplication>
      <addressNo>2</addressNo>
      <address applicationName="Y1.MES" seq="1">replyBox.1542</address>
      <address applicationName="Y1.MES" seq="2">_INBOX.988755FD.5B18B1F234BC.1</address>
    </replyApplication>
  </rvHeader>
  <msgHeader>
    <srvAddr>s1</srvAddr>
    <reqAddr>xxx</reqAddr>
    <msgOwner>MES</msgOwner>
    <srvMethod>Metrology</srvMethod>
    <srvId />
    <timeStamp>2017-12-28 10:01:59</timeStamp>
    <timeOut>30</timeOut>
    <txId>20180703224715.790.30679207</txId>
    <locale>EN</locale>
    <retCode>2</retCode>
    <retMsg />
  </msgHeader>
  <msgBody>
    <eventName>ECData</eventName>
    <fabName>Fab1</fabName>
    <eqpId>YCU001</eqpId>
    <area>PH</area>
    <batchId>PH</batchId>
    <lotCnt>1</lotCnt>
    <lot>
      <lotId>Y1000.01</lotId>
      <lotType>P</lotType>
      <lotQty>20</lotQty>
      <rootLotId>Y1000</rootLotId>
      <area>PH</area>
      <fabName>Fab1</fabName>
      <productId>10003K_P2</productId>
      <productType>PROD</productType>
      <planId>Plan00-1-1</planId>
      <subPlanId>Plan00-1-1-00001</subPlanId>
      <stage>CMP</stage>
      <rework>Normal</rework>
      <reworkCnt>2</reworkCnt>
      <metrologyLayerName>M1</metrologyLayerName>
      <metrologyStepName>OVL02</metrologyStepName>
      <metrologyStepSequence>200100</metrologyStepSequence>
      <metrologyRecipeName>UYIE3</metrologyRecipeName>
      <metrologyToolName>YCU001</metrologyToolName>
      <processingStatus>Wait</processingStatus>
      <pilotFlag>N</pilotFlag>
      <runcardFlag>N</runcardFlag>
      <r2rMode>On</r2rMode>
      <waferIds>Lot01#01,Lot01#02</waferIds>
      <slotIds>01,02</slotIds>
      <wafer>
        <waferId>Lot01#01</waferId>
        <parameter>
          <name>CDP1</name>
          <target>0.0030</target>
          <upperSpecLimit>0.0040</upperSpecLimit>
          <lowerSpecLimit>0.0033</lowerSpecLimit>
          <site>
            <index>1</index>
            <value>0.0034</value>
            <oos>N</oos>
          </site>
          <site>
            <index>2</index>
            <value>0.0036</value>
            <oos>N</oos>
          </site>
          <site>
            <index>3</index>
            <value>0.0036</value>
            <oos>N</oos>
          </site>
        </parameter>
        <parameter>
          <name>CDP2</name>
          <target>0.0035</target>
          <upperSpecLimit>0.0040</upperSpecLimit>
          <lowerSpecLimit>0.0035</lowerSpecLimit>
          <site>
            <index>1</index>
            <value>0.0034</value>
            <oos>N</oos>
          </site>
          <site>
            <index>2</index>
            <value>0.0036</value>
            <oos>N</oos>
          </site>
          <site>
            <index>3</index>
            <value>0.0036</value>
            <oos>N</oos>
          </site>
        </parameter>
      </wafer>
      <wafer>
        <waferId>Lot01#02</waferId>
        <parameter>
          <name>CDP1</name>
          <target>20</target>
          <upperSpecLimit>0.0040</upperSpecLimit>
          <lowerSpecLimit>0.0033</lowerSpecLimit>
          <site>
            <index>1</index>
            <value>0.0034</value>
            <oos>N</oos>
          </site>
          <site>
            <index>2</index>
            <value>0.0036</value>
            <oos>N</oos>
          </site>
          <site>
            <index>3</index>
            <value>0.0036</value>
            <oos>N</oos>
          </site>
        </parameter>
        <parameter>
          <name>CDP2</name>
          <target>20</target>
          <upperSpecLimit>0.0040</upperSpecLimit>
          <lowerSpecLimit>0.0035</lowerSpecLimit>
          <site>
            <index>1</index>
            <value>0.0034</value>
            <oos>N</oos>
          </site>
          <site>
            <index>2</index>
            <value>0.0036</value>
            <oos>N</oos>
          </site>
          <site>
            <index>3</index>
            <value>0.0036</value>
            <oos>N</oos>
          </site>
        </parameter>
      </wafer>
    </lot>
  </msgBody>
</msg>