﻿<?xml version="1.0" encoding="utf-8"?>
<msg>
  <rvHeader>
    <source>
      <application>Y1.MES</application>
      <msgBus>TibRv</msgBus>
      <domain>Y1</domain>
      <address>YMTCTEST.OFF.XMLCOMMSRV.&gt;</address>
    </source>
    <destination>
      <application>Y1.R2R</application>
      <msgBus>TibRv</msgBus>
      <domain>Y1</domain>
      <address>YMTCQATEST.R2R.MES.001</address>
    </destination>
    <replyApplication>
      <addressNo>2</addressNo>
      <address applicationName="Y1.MES" seq="1">replyBox.1542</address>
      <address applicationName="Y1.MES" seq="2">_INBOX.9887558B.5B482B2E0D7C6.1</address>
    </replyApplication>
  </rvHeader>
  <msgHeader>
    <srvAddr>s1</srvAddr>
    <reqAddr>xxx</reqAddr>
    <msgOwner>MES</msgOwner>
    <srvMethod>CalcRecipeSettings</srvMethod>
    <srvId>WIP</srvId>
    <timeStamp>2017-12-28 10:01:59</timeStamp>
    <timeOut>30</timeOut>
    <txId>20180726003126.685.30679207</txId>
    <retCode>0</retCode>
    <retMsg />
  </msgHeader>
  <msgBody>
    <eventName>Resv</eventName>
    <fabName>Y1</fabName>
    <eqpId>YPILC01</eqpId>
    <area>PH</area>
    <batchId />
    <lotCnt>1</lotCnt>
    <lot>
      <lotId>Y1000.01</lotId>
      <lotType>P</lotType>
      <lotQty>20</lotQty>
      <rootLotId>Y1000</rootLotId>
      <area>PH</area>
      <fabName>Y1</fabName>
      <productId>10003K_P2</productId>
      <productType>PROD</productType>
      <planId>Plan00-1-1</planId>
      <subPlanId>Plan00-1-1-00001</subPlanId>
      <stepName>YPILC</stepName>
      <stepSequence>8001200</stepSequence>
      <stage>PH</stage>
      <recipeId>PH280PLG55-P1</recipeId>
      <layerName>P1</layerName>
      <rework>Normal</rework>
      <reworkCnt>0</reworkCnt>
      <eqpId>YPILC01</eqpId>
      <chambers />
      <pilotFlag>N</pilotFlag>
      <runcardFlag>N</runcardFlag>
      <r2rMode>L2L</r2rMode>
      <reticleId />
      <waferIds>Y1000#01,Y1000#02,Y1000#03</waferIds>
      <slotIds>001,002,003</slotIds>
      <calcValues>
        <parameter>
          <paraName>Energy</paraName>
          <paraValue>1.03</paraValue>
        </parameter>
        <parameter>
          <paraName>Focus</paraName>
          <paraValue>1.03</paraValue>
        </parameter>
        <parameter>
          <paraName>TRANS_Y</paraName>
          <paraValue>1.02</paraValue>
        </parameter>
        <parameter>
          <paraName>TRANS_X</paraName>
          <paraValue>1.04</paraValue>
        </parameter>
        <parameter>
          <paraName>WFR_ROT_X</paraName>
          <paraValue>1.04</paraValue>
        </parameter>
        <parameter>
          <paraName>WFR_ROT_Y</paraName>
          <paraValue>1.04</paraValue>
        </parameter>
        <parameter>
          <paraName>WFR_MAG_Y</paraName>
          <paraValue>1.04</paraValue>
        </parameter>
        <parameter>
          <paraName>WFR_MAG_X</paraName>
          <paraValue>1.04</paraValue>
        </parameter>
        <parameter>
          <paraName>SHT_ROT</paraName>
          <paraValue>1.04</paraValue>
        </parameter>
        <parameter>
          <paraName>SHT_MAG</paraName>
          <paraValue>1.04</paraValue>
        </parameter>
        <parameter>
          <paraName>CPEModeName</paraName>
          <paraValue>1.04</paraValue>
        </parameter>
      </calcValues>
      <waferCalcValues />
    </lot>
  </msgBody>
</msg>