﻿<?xml version="1.0" encoding="utf-8"?>
<msg>
  <rvHeader>
    <source>
      <application>Y1.R2R</application>
      <msgBus>TibRv</msgBus>
      <domain>Y1</domain>
      <address>YMTCQATEST.R2R.MES.001</address>
    </source>
    <destination>
      <application>Y1.MES</application>
      <msgBus>MBX</msgBus>
      <domain>Y1</domain>
      <address>YMTCTEST.OFF.XMLCOMMSRV.&gt;</address>
    </destination>
    <replyApplication>
      <addressNo>2</addressNo>
      <address applicationName="Y1.MES" seq="1">replyBox.22688</address>
      <address applicationName="Y1.MES" seq="2">YMTCQATEST.XMLCOMMSRV_REPLY.YMTCTEST.MES_MBX_QATEST</address>
    </replyApplication>
  </rvHeader>
  <msgHeader>
    <srvAddr />
    <reqAddr>YMTCTEST.5890.CalcRecipeSettings.20180628142449003</reqAddr>
    <msgOwner />
    <srvMethod>CalcRecipeSettings</srvMethod>
    <srvId />
    <timeStamp>20180628 142448</timeStamp>
    <timeOut>30</timeOut>
    <txId>20180726010313.670.30384602</txId>
    <locale>EN</locale>
    <retCode>0</retCode>
    <retMsg />
  </msgHeader>
  <msgBody>
    <retCode>-1</retCode>
    <retMessage>,A860087[Code:-1 Details:Start CalcRecipeSettings,No recommended setting of linear terms can be calculated, a pilot run is suggested. End]</retMessage>
    <eventName>EapReqJobPrep</eventName>
    <fabName>Fab1</fabName>
    <eqpId>UPLITHO01</eqpId>
    <area />
    <batchId>FWADM_FP300_11943</batchId>
    <lotCnt>1</lotCnt>
    <lot>
      <lotId>A860087</lotId>
      <lotType>E1</lotType>
      <lotQty>25</lotQty>
      <motherLot>A860087</motherLot>
      <rootLotId>A860087</rootLotId>
      <area />
      <fabName>Fab1</fabName>
      <technology>24nm</technology>
      <productId>LITHOPRD.0</productId>
      <productType>Normal</productType>
      <planId>LITHO-TOP.1</planId>
      <subPlanId>LITHO-SUB01.0</subPlanId>
      <stepName>UPLITHO-01</stepName>
      <stepSequence>00008.10.00010</stepSequence>
      <stage>LITHO-L1</stage>
      <recipeId>RCP01@SCNRCP01.618AA2</recipeId>
      <layerName>618</layerName>
      <rework>Normal</rework>
      <reworkCnt>0</reworkCnt>
      <eqpId>UPLITHO01</eqpId>
      <chambers />
      <processingStatus>Active</processingStatus>
      <pilotFlag>N</pilotFlag>
      <runcardFlag>N</runcardFlag>
      <r2rMode>L2L</r2rMode>
      <reticleId>000001-00001-001,000001-00001-002</reticleId>
      <waferIds>A860087#01,A860087#02,A860087#03,A860087#04,A860087#05,A860087#06,A860087#07,A860087#08,A860087#09,A860087#10,A860087#11,A860087#12,A860087#13,A860087#14,A860087#15,A860087#16,A860087#17,A860087#18,A860087#19,A860087#20,A860087#21,A860087#22,A860087#23,A860087#24,A860087#25</waferIds>
      <slotIds>001,002,003,004,005,006,007,008,009,010,011,012,013,014,015,016,017,018,019,020,021,022,023,024,025</slotIds>
      <calcValues>
        <parameter>
          <paraName>Energy</paraName>
          <paraValue />
        </parameter>
        <parameter>
          <paraName>Focus</paraName>
          <paraValue />
        </parameter>
        <parameter>
          <paraName>EXP_X_C1</paraName>
          <paraValue>0.031;0.031</paraValue>
        </parameter>
        <parameter>
          <paraName>EXP_X_C2</paraName>
          <paraValue>0.032;0.032</paraValue>
        </parameter>
        <parameter>
          <paraName>EXP_Y_C1</paraName>
          <paraValue>0.041;0.041</paraValue>
        </parameter>
        <parameter>
          <paraName>EXP_Y_C2</paraName>
          <paraValue>0.034;0.034</paraValue>
        </parameter>
      </calcValues>
      <waferCalcValues />
    </lot>
  </msgBody>
</msg>