<?xml version="1.0" encoding="GB2312"?>
<msg>
  <rvHeader>
    <source>
      <application>Y1.MES</application>
      <msgBus>MBX</msgBus>
      <domain>Y1</domain>
      <address>FWSRVdefault</address>
    </source>
    <destination>
      <application>Y1.R2R</application>
      <msgBus>TibRv</msgBus>
      <domain>Y1</domain>
      <address>YMTCQATEST.R2R.MES.&gt;</address>
    </destination>
    <replyApplication>
      <addressNo>2</addressNo>
      <address applicationName="Y1.MES" seq="1">replyBox.7235</address>
      <address applicationName="B2-MES" seq="2">YMTCQATEST.XMLCOMMSRV_REPLY.YMTCTEST.MES_MBX_QATEST</address>
    </replyApplication>
  </rvHeader>
  <msgHeader>
    <srvAddr />
    <reqAddr>YMTCTEST.9041.CalcRecipeSettings.20180625131133225</reqAddr>
    <msgOwner />
    <srvMethod>CalcRecipeSettings</srvMethod>
    <srvId />
    <timeStamp>20180625 131133</timeStamp>
    <timeOut>60</timeOut>
    <txId>35141</txId>
    <locale>EN</locale>
    <retCode>0</retCode>
    <retMsg />
  </msgHeader>
  <msgBody>
    <eventName>JobPrep</eventName>
    <fabName>Fab1</fabName>
    <eqpId>UPLITHO01</eqpId>
    <area />
    <batchId>FWADM_FP300_11601</batchId>
    <lotCnt>1</lotCnt>
    <lot>
      <lotId>A860055</lotId>
      <lotType>E1</lotType>
      <lotQty>25</lotQty>
      <motherLot>A860055</motherLot>
      <rootLotId>A860055</rootLotId>
      <area />
      <fabName>Fab1</fabName>
      <technology>24nm</technology>
      <productId>LITHOPRD.0</productId>
      <productType>Normal</productType>
      <planId>LITHO-TOP.1</planId>
      <subPlanId>LITHO-SUB01.0</subPlanId>
      <stepName>UPLITHO-01</stepName>
      <stepSequence>00008.10.00010</stepSequence>
      <stage>LITHO-L1</stage>
      <recipeId>RCP01@SCNRCP01.618AA2</recipeId>
      <layerName>618</layerName>
      <rework>Normal</rework>
      <reworkCnt>0</reworkCnt>
      <eqpId>UPLITHO01</eqpId>
      <chambers />
      <processingStatus>Active</processingStatus>
      <pilotFlag>N</pilotFlag>
      <runcardFlag>N</runcardFlag>
      <r2rMode>L2L</r2rMode>
      <reticleId>000001-00001-002</reticleId>
      <waferIds>A860055#01,A860055#02,A860055#03,A860055#04,A860055#05,A860055#06,A860055#07,A860055#08,A860055#09,A860055#10,A860055#11,A860055#12,A860055#13,A860055#14,A860055#15,A860055#16,A860055#17,A860055#18,A860055#19,A860055#20,A860055#21,A860055#22,A860055#23,A860055#24,A860055#25</waferIds>
      <slotIds>001,002,003,004,005,006,007,008,009,010,011,012,013,014,015,016,017,018,019,020,021,022,023,024,025</slotIds>
      <calcValues>
        <parameter>
          <paraName>EXP_X</paraName>
          <paraValue>0</paraValue>
        </parameter>
        <parameter>
          <paraName>EXP_Y</paraName>
          <paraValue>0</paraValue>
        </parameter>
        <parameter>
          <paraName>NON_ORT</paraName>
          <paraValue>0</paraValue>
        </parameter>
        <parameter>
          <paraName>WFR_ROT</paraName>
          <paraValue>0</paraValue>
        </parameter>
        <parameter>
          <paraName>TRANS_X</paraName>
          <paraValue>0</paraValue>
        </parameter>
        <parameter>
          <paraName>TRANS_Y</paraName>
          <paraValue>0</paraValue>
        </parameter>
        <parameter>
          <paraName>ASYM_MAG</paraName>
          <paraValue>0</paraValue>
        </parameter>
        <parameter>
          <paraName>ASYM_ROT</paraName>
          <paraValue>0</paraValue>
        </parameter>
        <parameter>
          <paraName>SHT_ROT</paraName>
          <paraValue>0</paraValue>
        </parameter>
        <parameter>
          <paraName>SHT_MAG</paraName>
          <paraValue>0</paraValue>
        </parameter>
      </calcValues>
    </lot>
  </msgBody>
</msg>