<?xml version="1.0" encoding="GB2312"?>
<msg>
  <rvHeader>
    <source>
      <application>Y1.MES</application>
      <msgBus>MBX</msgBus>
      <domain>Y1</domain>
      <address>FWSRVdefault</address>
    </source>
    <destination>
      <application>Y1.R2R</application>
      <msgBus>TibRv</msgBus>
      <domain>Y1</domain>
      <address>YMTCQATEST.R2R.MES.&gt;</address>
    </destination>
    <replyApplication>
      <addressNo>2</addressNo>
      <address applicationName="Y1.MES" seq="1">replyBox.7264</address>
      <address applicationName="B2-MES" seq="2">YMTCQATEST.XMLCOMMSRV_REPLY.YMTCTEST.MES_MBX_QATEST</address>
    </replyApplication>
  </rvHeader>
  <msgHeader>
    <srvAddr />
    <reqAddr>YMTCTEST.9041.CalcRecipeSettings.20180624170955686</reqAddr>
    <msgOwner />
    <srvMethod>CalcRecipeSettings</srvMethod>
    <srvId />
    <timeStamp>20180624 170955</timeStamp>
    <timeOut>60</timeOut>
    <txId>35066</txId>
    <locale>EN</locale>
    <retCode>0</retCode>
    <retMsg />
  </msgHeader>
  <msgBody>
    <eventName>JobPrep</eventName>
    <fabName>Fab1</fabName>
    <eqpId>0528TEST</eqpId>
    <area />
    <batchId>FWADM_FP300_11464</batchId>
    <lotCnt>1</lotCnt>
    <lot>
      <lotId>A860046</lotId>
      <lotType>E1</lotType>
      <lotQty>25</lotQty>
      <motherLot>A860046</motherLot>
      <rootLotId>A860046</rootLotId>
      <area />
      <fabName>Fab1</fabName>
      <technology>28nm</technology>
      <productId>0528TEST.0</productId>
      <productType>Normal</productType>
      <planId>0528TEST_TOP.0</planId>
      <subPlanId>0528TEST_SUB.0</subPlanId>
      <stepName>0528TEST</stepName>
      <stepSequence>10.10.10</stepSequence>
      <stage />
      <recipeId>0528</recipeId>
      <layerName />
      <rework>Normal</rework>
      <reworkCnt>0</reworkCnt>
      <eqpId>0528TEST</eqpId>
      <chambers />
      <processingStatus>Active</processingStatus>
      <pilotFlag>N</pilotFlag>
      <runcardFlag>N</runcardFlag>
      <r2rMode>L2L</r2rMode>
      <reticleId />
      <waferIds>A860046#01,A860046#02,A860046#03,A860046#04,A860046#05,A860046#06,A860046#07,A860046#08,A860046#09,A860046#10,A860046#11,A860046#12,A860046#13,A860046#14,A860046#15,A860046#16,A860046#17,A860046#18,A860046#19,A860046#20,A860046#21,A860046#22,A860046#23,A860046#24,A860046#25</waferIds>
      <slotIds>001,002,003,004,005,006,007,008,009,010,011,012,013,014,015,016,017,018,019,020,021,022,023,024,025</slotIds>
      <calcValues />
    </lot>
  </msgBody>
</msg>