<?xml version="1.0" encoding="GB2312"?>
<msg>
  <rvHeader>
    <source>
      <application>Y1.MES</application>
      <msgBus>MBX</msgBus>
      <domain>Y1</domain>
      <address>FWSRVdefault</address>
    </source>
    <destination>
      <application>Y1.R2R</application>
      <msgBus>TibRv</msgBus>
      <domain>Y1</domain>
      <address>YMTCQATEST.R2R.MES.&gt;</address>
    </destination>
    <replyApplication>
      <addressNo>2</addressNo>
      <address applicationName="Y1.MES" seq="1">replyBox.7221</address>
      <address applicationName="B2-MES" seq="2">YMTCQATEST.XMLCOMMSRV_REPLY.YMTCTEST.MES_MBX_QATEST</address>
    </replyApplication>
  </rvHeader>
  <msgHeader>
    <srvAddr />
    <reqAddr>YMTCTEST.9431.CalcRecipeSettings.20180626175537610</reqAddr>
    <msgOwner />
    <srvMethod>CalcRecipeSettings</srvMethod>
    <srvId />
    <timeStamp>20180626 175537</timeStamp>
    <timeOut>60</timeOut>
    <txId>35263</txId>
    <locale>EN</locale>
    <retCode>0</retCode>
    <retMsg />
  </msgHeader>
  <msgBody>
    <eventName>EapReqJobPrep</eventName>
    <fabName>Fab1</fabName>
    <eqpId>UPLITHO01</eqpId>
    <area />
    <batchId>FWADM_FP300_11801</batchId>
    <lotCnt>1</lotCnt>
    <lot>
      <lotId>A860057</lotId>
      <lotType>E1</lotType>
      <lotQty>25</lotQty>
      <motherLot>A860057</motherLot>
      <rootLotId>A860057</rootLotId>
      <area />
      <fabName>Fab1</fabName>
      <technology>24nm</technology>
      <productId>LITHOPRD.0</productId>
      <productType>Normal</productType>
      <planId>LITHO-TOP.1</planId>
      <subPlanId>LITHO-SUB01.0</subPlanId>
      <stepName>UPLITHO-01</stepName>
      <stepSequence>00008.10.00010</stepSequence>
      <stage>LITHO-L1</stage>
      <recipeId>RCP01@SCNRCP01.618AA2</recipeId>
      <layerName>618</layerName>
      <rework>Normal</rework>
      <reworkCnt>0</reworkCnt>
      <eqpId>UPLITHO01</eqpId>
      <chambers />
      <processingStatus>Active</processingStatus>
      <pilotFlag>N</pilotFlag>
      <runcardFlag>N</runcardFlag>
      <r2rMode>L2L</r2rMode>
      <reticleId>000001-00001-002</reticleId>
      <waferIds>A860057#01,A860057#02,A860057#03,A860057#04,A860057#05,A860057#06,A860057#07,A860057#08,A860057#09,A860057#10,A860057#11,A860057#12,A860057#13,A860057#14,A860057#15,A860057#16,A860057#17,A860057#18,A860057#19,A860057#20,A860057#21,A860057#22,A860057#23,A860057#24,A860057#25</waferIds>
      <slotIds>001,002,003,004,005,006,007,008,009,010,011,012,013,014,015,016,017,018,019,020,021,022,023,024,025</slotIds>
      <calcValues />
    </lot>
  </msgBody>
</msg>