﻿<?xml version="1.0" encoding="utf-8"?>
<msg xmlns:xsd="http://www.w3.org/2001/XMLSchema" xmlns:xsi="http://www.w3.org/2001/XMLSchema-instance">
  <rvHeader>
    <source>
      <application>Y1.MES</application>
      <msgBus>TibRv</msgBus>
      <domain>Y1</domain>
      <address>YMTCQATEST.OFF.XMLCOMMSRV.&gt;</address>
    </source>
    <destination>
      <application>Y1.R2R</application>
      <msgBus>TibRv</msgBus>
      <domain>Y1</domain>
      <address>YMTCQATEST.R2R.MES.001</address>
    </destination>
    <replyApplication />
  </rvHeader>
  <msgHeader>
    <srvAddr>s1</srvAddr>
    <reqAddr>xxx</reqAddr>
    <msgOwner>MES</msgOwner>
    <srvMethod>Metrology</srvMethod>
    <srvId />
    <timeStamp>2017-12-28 10:01:59</timeStamp>
    <timeOut>30</timeOut>
    <txId>20180712170603.977.46941732</txId>
    <locale>EN</locale>
    <retCode>2</retCode>
    <retMsg />
  </msgHeader>
  <msgBody>
    <eventName />
    <fabName>Y1</fabName>
    <eqpId>Tool_IdP1</eqpId>
    <area>CMP</area>
    <batchId />
    <lotCnt>1</lotCnt>
    <lot>
      <lotId>A00001.01</lotId>
      <lotType>P</lotType>
      <lotQty>20</lotQty>
      <rootLotId>A00001</rootLotId>
      <area>CMP</area>
      <fabName>Y1</fabName>
      <technology>14</technology>
      <productId>Product1</productId>
      <productType>PROD</productType>
      <planId>Plan00-1-1</planId>
      <subPlanId>Plan00-1-1-00001</subPlanId>
      <stage>CMP</stage>
      <rework>Normal</rework>
      <reworkCnt>0</reworkCnt>
      <metrologyLayerName />
      <metrologyStepName>StepNameP1</metrologyStepName>
      <metrologyStepSequence>StepSeqP1</metrologyStepSequence>
      <metrologyRecipeName>RecipeP1</metrologyRecipeName>
      <metrologyToolName>Tool_IdP1</metrologyToolName>
      <processingStatus>Wait</processingStatus>
      <pilotFlag>N</pilotFlag>
      <runcardFlag>N</runcardFlag>
      <r2rMode>On</r2rMode>
      <waferIds>Wafer1,Wafer2,Wafer3</waferIds>
      <slotIds>01,02,03</slotIds>
      <wafer>
        <waferId>Wafer1</waferId>
        <parameter>
          <name>THK</name>
          <target>1200</target>
          <upperSpecLimit>1700</upperSpecLimit>
          <lowerSpecLimit>700</lowerSpecLimit>
          <site>
            <index>1</index>
            <value>900</value>
            <oos>N</oos>
          </site>
          <site>
            <index>2</index>
            <value>1000</value>
            <oos>N</oos>
          </site>
          <site>
            <index>3</index>
            <value>1105</value>
            <oos>N</oos>
          </site>
          <site>
            <index>4</index>
            <value>1060</value>
            <oos>N</oos>
          </site>
          <site>
            <index>5</index>
            <value>900</value>
            <oos>N</oos>
          </site>
          <site>
            <index>6</index>
            <value>1000</value>
            <oos>N</oos>
          </site>
          <site>
            <index>7</index>
            <value>1105</value>
            <oos>N</oos>
          </site>
          <site>
            <index>8</index>
            <value>900</value>
            <oos>N</oos>
          </site>
          <site>
            <index>9</index>
            <value>1000</value>
            <oos>N</oos>
          </site>
          <site>
            <index>10</index>
            <value>1100</value>
            <oos>N</oos>
          </site>
          <site>
            <index>11</index>
            <value>890</value>
            <oos>N</oos>
          </site>
          <site>
            <index>12</index>
            <value>1050</value>
            <oos>N</oos>
          </site>
        </parameter>
        <parameter>
          <name>THK_GOF</name>
          <target />
          <upperSpecLimit />
          <lowerSpecLimit />
          <site>
            <index>1</index>
            <value>0.95</value>
            <oos>N</oos>
          </site>
          <site>
            <index>2</index>
            <value>0.95</value>
            <oos>N</oos>
          </site>
          <site>
            <index>3</index>
            <value>0.95</value>
            <oos>N</oos>
          </site>
          <site>
            <index>4</index>
            <value>0.95</value>
            <oos>N</oos>
          </site>
          <site>
            <index>5</index>
            <value>0.95</value>
            <oos>N</oos>
          </site>
          <site>
            <index>6</index>
            <value>0.95</value>
            <oos>N</oos>
          </site>
          <site>
            <index>7</index>
            <value>0.95</value>
            <oos>N</oos>
          </site>
          <site>
            <index>8</index>
            <value>0.95</value>
            <oos>N</oos>
          </site>
          <site>
            <index>9</index>
            <value>0.95</value>
            <oos>N</oos>
          </site>
          <site>
            <index>10</index>
            <value>0.95</value>
            <oos>N</oos>
          </site>
          <site>
            <index>11</index>
            <value>0.95</value>
            <oos>N</oos>
          </site>
          <site>
            <index>12</index>
            <value>0.95</value>
            <oos>N</oos>
          </site>
        </parameter>
      </wafer>
      <wafer>
        <waferId>Wafer2</waferId>
        <parameter>
          <name>THK</name>
          <target>1200</target>
          <upperSpecLimit>1700</upperSpecLimit>
          <lowerSpecLimit>700</lowerSpecLimit>
          <site>
            <index>1</index>
            <value>900</value>
            <oos>N</oos>
          </site>
          <site>
            <index>2</index>
            <value>1000</value>
            <oos>N</oos>
          </site>
          <site>
            <index>3</index>
            <value>1105</value>
            <oos>N</oos>
          </site>
          <site>
            <index>4</index>
            <value>900</value>
            <oos>N</oos>
          </site>
          <site>
            <index>5</index>
            <value>900</value>
            <oos>N</oos>
          </site>
          <site>
            <index>6</index>
            <value>1000</value>
            <oos>N</oos>
          </site>
          <site>
            <index>7</index>
            <value>990</value>
            <oos>N</oos>
          </site>
          <site>
            <index>8</index>
            <value>800</value>
            <oos>N</oos>
          </site>
          <site>
            <index>9</index>
            <value>1200</value>
            <oos>N</oos>
          </site>
          <site>
            <index>10</index>
            <value>1100</value>
            <oos>N</oos>
          </site>
          <site>
            <index>11</index>
            <value>890</value>
            <oos>N</oos>
          </site>
          <site>
            <index>12</index>
            <value>1050</value>
            <oos>N</oos>
          </site>
        </parameter>
        <parameter>
          <name>THK_GOF</name>
          <target />
          <upperSpecLimit />
          <lowerSpecLimit />
          <site>
            <index>1</index>
            <value>0.95</value>
            <oos>N</oos>
          </site>
          <site>
            <index>2</index>
            <value>0.95</value>
            <oos>N</oos>
          </site>
          <site>
            <index>3</index>
            <value>0.95</value>
            <oos>N</oos>
          </site>
          <site>
            <index>4</index>
            <value>0.95</value>
            <oos>N</oos>
          </site>
          <site>
            <index>5</index>
            <value>0.95</value>
            <oos>N</oos>
          </site>
          <site>
            <index>6</index>
            <value>0.95</value>
            <oos>N</oos>
          </site>
          <site>
            <index>7</index>
            <value>0.95</value>
            <oos>N</oos>
          </site>
          <site>
            <index>8</index>
            <value>0.95</value>
            <oos>N</oos>
          </site>
          <site>
            <index>9</index>
            <value>0.95</value>
            <oos>N</oos>
          </site>
          <site>
            <index>10</index>
            <value>0.95</value>
            <oos>N</oos>
          </site>
          <site>
            <index>11</index>
            <value>0.95</value>
            <oos>N</oos>
          </site>
          <site>
            <index>12</index>
            <value>0.95</value>
            <oos>N</oos>
          </site>
        </parameter>
      </wafer>
      <wafer>
        <waferId>Wafer3</waferId>
        <parameter>
          <name>THK</name>
          <target>1200</target>
          <upperSpecLimit>1700</upperSpecLimit>
          <lowerSpecLimit>700</lowerSpecLimit>
          <site>
            <index>1</index>
            <value>1200</value>
            <oos>N</oos>
          </site>
          <site>
            <index>2</index>
            <value>1000</value>
            <oos>N</oos>
          </site>
          <site>
            <index>3</index>
            <value>1105</value>
            <oos>N</oos>
          </site>
          <site>
            <index>4</index>
            <value>1060</value>
            <oos>N</oos>
          </site>
          <site>
            <index>5</index>
            <value>900</value>
            <oos>N</oos>
          </site>
          <site>
            <index>6</index>
            <value>1000</value>
            <oos>N</oos>
          </site>
          <site>
            <index>7</index>
            <value>1600</value>
            <oos>Y</oos>
          </site>
          <site>
            <index>8</index>
            <value>900</value>
            <oos>N</oos>
          </site>
          <site>
            <index>9</index>
            <value>1000</value>
            <oos>N</oos>
          </site>
          <site>
            <index>10</index>
            <value>1100</value>
            <oos>N</oos>
          </site>
          <site>
            <index>11</index>
            <value>890</value>
            <oos>N</oos>
          </site>
          <site>
            <index>12</index>
            <value>1050</value>
            <oos>N</oos>
          </site>
        </parameter>
        <parameter>
          <name>THK_GOF</name>
          <target />
          <upperSpecLimit />
          <lowerSpecLimit />
          <site>
            <index>1</index>
            <value>0.95</value>
            <oos>N</oos>
          </site>
          <site>
            <index>2</index>
            <value>0.95</value>
            <oos>N</oos>
          </site>
          <site>
            <index>3</index>
            <value>0.95</value>
            <oos>N</oos>
          </site>
          <site>
            <index>4</index>
            <value>0.95</value>
            <oos>N</oos>
          </site>
          <site>
            <index>5</index>
            <value>0.95</value>
            <oos>N</oos>
          </site>
          <site>
            <index>6</index>
            <value>0.95</value>
            <oos>N</oos>
          </site>
          <site>
            <index>7</index>
            <value>0.95</value>
            <oos>N</oos>
          </site>
          <site>
            <index>8</index>
            <value>0.95</value>
            <oos>N</oos>
          </site>
          <site>
            <index>9</index>
            <value>0.95</value>
            <oos>N</oos>
          </site>
          <site>
            <index>10</index>
            <value>0.95</value>
            <oos>N</oos>
          </site>
          <site>
            <index>11</index>
            <value>0.95</value>
            <oos>N</oos>
          </site>
          <site>
            <index>12</index>
            <value>0.95</value>
            <oos>N</oos>
          </site>
        </parameter>
      </wafer>
    </lot>
  </msgBody>
</msg>