<?xml version="1.0" encoding="GB2312"?>
<msg>
  <rvHeader>
    <source>
      <application>Y1.MES</application>
      <msgBus>MBX</msgBus>
      <domain>Y1</domain>
      <address>FWSRVdefault</address>
    </source>
    <destination>
      <application>Y1.R2R</application>
      <msgBus>TibRv</msgBus>
      <domain>Y1</domain>
      <address>YMTCQATEST.R2R.MES.&gt;</address>
    </destination>
    <replyApplication>
      <addressNo>2</addressNo>
      <address applicationName="Y1.MES" seq="1">replyBox.22600</address>
      <address applicationName="Y1.MES" seq="2">YMTCQATEST.XMLCOMMSRV_REPLY.YMTCTEST.MES_MBX_QATEST</address>
    </replyApplication>
  </rvHeader>
  <msgHeader>
    <srvAddr />
    <reqAddr>YMTCTEST.5890.Metrology.20180628143835022</reqAddr>
    <msgOwner />
    <srvMethod>Metrology</srvMethod>
    <srvId />
    <timeStamp>20180628 143835</timeStamp>
    <timeOut>0</timeOut>
    <txId>35392</txId>
    <locale>EN</locale>
    <retCode>0</retCode>
    <retMsg />
  </msgHeader>
  <msgBody>
    <eventName>Metrology</eventName>
    <fabName>F1FAB</fabName>
    <eqpId>UMOVL01</eqpId>
    <area>AMAT</area>
    <batchId />
    <lotCnt>1</lotCnt>
    <lot>
      <lotId>A860087</lotId>
      <lotType>E1</lotType>
      <lotQty>25</lotQty>
      <motherLot>A860087</motherLot>
      <rootLotId>A860087</rootLotId>
      <area>AMAT</area>
      <fabName>F1FAB</fabName>
      <technology>24nm</technology>
      <productId>LITHOPRD.0</productId>
      <productType>Production</productType>
      <planId>LITHO-TOP.1</planId>
      <subPlanId>LITHO-SUB01.0</subPlanId>
      <metrologyStepName>UMOVL-01</metrologyStepName>
      <metrologyStepSequence>00008.10.00020</metrologyStepSequence>
      <stage>LITHO-L1</stage>
      <metrololgyRecipeName>OVL01_618</metrololgyRecipeName>
      <metrologyLayerName>618</metrologyLayerName>
      <rework>Normal</rework>
      <reworkCnt>0</reworkCnt>
      <metrologyToolName>UMOVL01</metrologyToolName>
      <processingStatus>WaitingForUI</processingStatus>
      <pilotFlag>N</pilotFlag>
      <runcardFlag>N</runcardFlag>
      <r2rMode>OVL_ON</r2rMode>
      <waferIds>A860087#01,A860087#02</waferIds>
      <slotIds>001,001,001,001,001,001,001,001,001,001,001</slotIds>
      <wafer>
        <waferId>A860087#01</waferId>
        <parameter>
          <name>OVLMEA01</name>
          <target>20</target>
          <upperSpecLimit>30</upperSpecLimit>
          <lowerSpecLimit>10</lowerSpecLimit>
          <site>
            <index>1</index>
            <value>11</value>
            <oos>N</oos>
          </site>
        </parameter>
        <parameter>
          <name>EXP_X</name>
          <target>20</target>
          <upperSpecLimit>30</upperSpecLimit>
          <lowerSpecLimit>10</lowerSpecLimit>
          <site>
            <index>1</index>
            <value>11</value>
            <oos>N</oos>
          </site>
        </parameter>
        <parameter>
          <name>EXP_Y</name>
          <target>20</target>
          <upperSpecLimit>30</upperSpecLimit>
          <lowerSpecLimit>10</lowerSpecLimit>
          <site>
            <index>1</index>
            <value>11</value>
            <oos>N</oos>
          </site>
        </parameter>
        <parameter>
          <name>NON_ORT</name>
          <target>20</target>
          <upperSpecLimit>30</upperSpecLimit>
          <lowerSpecLimit>10</lowerSpecLimit>
          <site>
            <index>1</index>
            <value>12</value>
            <oos>N</oos>
          </site>
        </parameter>
        <parameter>
          <name>WFR_ROT</name>
          <target>20</target>
          <upperSpecLimit>30</upperSpecLimit>
          <lowerSpecLimit>10</lowerSpecLimit>
          <site>
            <index>1</index>
            <value>12</value>
            <oos>N</oos>
          </site>
        </parameter>
        <parameter>
          <name>TRANS_X</name>
          <target>20</target>
          <upperSpecLimit>30</upperSpecLimit>
          <lowerSpecLimit>10</lowerSpecLimit>
          <site>
            <index>1</index>
            <value>13</value>
            <oos>N</oos>
          </site>
        </parameter>
        <parameter>
          <name>TRANS_Y</name>
          <target>20</target>
          <upperSpecLimit>30</upperSpecLimit>
          <lowerSpecLimit>10</lowerSpecLimit>
          <site>
            <index>1</index>
            <value>13</value>
            <oos>N</oos>
          </site>
        </parameter>
        <parameter>
          <name>ASYM_MAG</name>
          <target>20</target>
          <upperSpecLimit>30</upperSpecLimit>
          <lowerSpecLimit>10</lowerSpecLimit>
          <site>
            <index>1</index>
            <value>14</value>
            <oos>N</oos>
          </site>
        </parameter>
        <parameter>
          <name>ASYM_ROT</name>
          <target>20</target>
          <upperSpecLimit>30</upperSpecLimit>
          <lowerSpecLimit>10</lowerSpecLimit>
          <site>
            <index>1</index>
            <value>14</value>
            <oos>N</oos>
          </site>
        </parameter>
        <parameter>
          <name>SHT_ROT</name>
          <target>20</target>
          <upperSpecLimit>30</upperSpecLimit>
          <lowerSpecLimit>10</lowerSpecLimit>
          <site>
            <index>1</index>
            <value>14</value>
            <oos>N</oos>
          </site>
        </parameter>
        <parameter>
          <name>SHT_MAG</name>
          <target>20</target>
          <upperSpecLimit>30</upperSpecLimit>
          <lowerSpecLimit>10</lowerSpecLimit>
          <site>
            <index>1</index>
            <value>14</value>
            <oos>N</oos>
          </site>
        </parameter>
      </wafer>
      <wafer>
        <waferId>A860087#02</waferId>
        <parameter>
          <name>OVLMEA01</name>
          <target>20</target>
          <upperSpecLimit>30</upperSpecLimit>
          <lowerSpecLimit>10</lowerSpecLimit>
          <site>
            <index>1</index>
            <value>11</value>
            <oos>N</oos>
          </site>
        </parameter>
        <parameter>
          <name>EXP_X</name>
          <target>20</target>
          <upperSpecLimit>30</upperSpecLimit>
          <lowerSpecLimit>10</lowerSpecLimit>
          <site>
            <index>1</index>
            <value>11</value>
            <oos>N</oos>
          </site>
        </parameter>
        <parameter>
          <name>EXP_Y</name>
          <target>20</target>
          <upperSpecLimit>30</upperSpecLimit>
          <lowerSpecLimit>10</lowerSpecLimit>
          <site>
            <index>1</index>
            <value>11</value>
            <oos>N</oos>
          </site>
        </parameter>
        <parameter>
          <name>NON_ORT</name>
          <target>20</target>
          <upperSpecLimit>30</upperSpecLimit>
          <lowerSpecLimit>10</lowerSpecLimit>
          <site>
            <index>1</index>
            <value>12</value>
            <oos>N</oos>
          </site>
        </parameter>
        <parameter>
          <name>WFR_ROT</name>
          <target>20</target>
          <upperSpecLimit>30</upperSpecLimit>
          <lowerSpecLimit>10</lowerSpecLimit>
          <site>
            <index>1</index>
            <value>13</value>
            <oos>N</oos>
          </site>
        </parameter>
        <parameter>
          <name>TRANS_X</name>
          <target>20</target>
          <upperSpecLimit>30</upperSpecLimit>
          <lowerSpecLimit>10</lowerSpecLimit>
          <site>
            <index>1</index>
            <value>13</value>
            <oos>N</oos>
          </site>
        </parameter>
        <parameter>
          <name>TRANS_Y</name>
          <target>20</target>
          <upperSpecLimit>30</upperSpecLimit>
          <lowerSpecLimit>10</lowerSpecLimit>
          <site>
            <index>1</index>
            <value>13</value>
            <oos>N</oos>
          </site>
        </parameter>
        <parameter>
          <name>ASYM_MAG</name>
          <target>20</target>
          <upperSpecLimit>30</upperSpecLimit>
          <lowerSpecLimit>10</lowerSpecLimit>
          <site>
            <index>1</index>
            <value>14</value>
            <oos>N</oos>
          </site>
        </parameter>
        <parameter>
          <name>ASYM_ROT</name>
          <target>20</target>
          <upperSpecLimit>30</upperSpecLimit>
          <lowerSpecLimit>10</lowerSpecLimit>
          <site>
            <index>1</index>
            <value>14</value>
            <oos>N</oos>
          </site>
        </parameter>
        <parameter>
          <name>SHT_ROT</name>
          <target>20</target>
          <upperSpecLimit>30</upperSpecLimit>
          <lowerSpecLimit>10</lowerSpecLimit>
          <site>
            <index>1</index>
            <value>14</value>
            <oos>N</oos>
          </site>
        </parameter>
        <parameter>
          <name>SHT_MAG</name>
          <target>20</target>
          <upperSpecLimit>30</upperSpecLimit>
          <lowerSpecLimit>10</lowerSpecLimit>
          <site>
            <index>1</index>
            <value>14</value>
            <oos>N</oos>
          </site>
        </parameter>
      </wafer>
    </lot>
  </msgBody>
</msg>