<?xml version="1.0" encoding="utf-8"?>
<msg>
          <rvHeader> 
			<source> 
				<application>MES</application> 
				<msgBus>TibRv</msgBus> 
				<domain>Y1</domain> 
				<address>Y1.TEST.MES</address> 
			</source> 
			<destination> 
				<application>R2R</application> 
				<msgBus>TibRv</msgBus> 
				<domain>Y1</domain> 
				<address>Y1.TEST.R2R.MES</address> 
			</destination> 
				<replyApplication>
				<addressNo>1</addressNo>
				<address applicationName="MES" seq="1"></address>
			</replyApplication>
		</rvHeader> 
        <msgHeader> 
                <srvAddr>s1</srvAddr>
                <reqAddr>xxx</reqAddr>
                <msgOwner>MES</msgOwner> 
                <srvMethod>UsedSettings</srvMethod>
                <srvId>WIP</srvId>
                <timeStamp>2017-12-28 10:01:59</timeStamp>
                <timeOut>60</timeOut>
                <txId>18</txId>
                <locale>EN</locale>
                <retCode>0</retCode>
                <retMsg/>
        </msgHeader> 
        <msgBody>
                <eventName>Jobout</eventName>
                <fabName>Fab1</fabName>
                <eqpId>YCU001</eqpId>
                <area>PH</area>
                <batchId>PH</batchId>
                <lotCnt>1</lotCnt>
                <lot>
                       <lotId>Y1000.01</lotId>
                       <lotType>P</lotType>
                       <lotQty>20</lotQty>
                       <montherLot>Y1000</montherLot>
                       <rootLotId>Y1000</rootLotId>
                       <area>PH</area>
                       <fabName>Fab1</fabName>
                       <technoloy>14</technoloy>
                       <productId>10003K_P2</productId>
                       <productType>PROD</productType>
                       <planId>Plan00-1-1</planId>
                       <subPlanId>Plan00-1-1-00001</subPlanId>
                       <stepName>Ox0930</stepName>
                       <stepSequence>8001200</stepSequence>
                       <stage>CMP</stage>
                       <recipeId>P280398409</recipeId>
                       <layerName>M1</layerName>
                       <rework>Normal</rework>
                       <reworkCnt>2</reworkCnt>
                       <eqpId>YCU001</eqpId>
                       <lotStatus>Wait</lotStatus>
                       <pilotFlag>N</pilotFlag>
                       <runcardFlag>N</runcardFlag>
                       <r2rMode>L2L</r2rMode>
                       <reticleId>reticle1,reticle2</reticleId>
                       <setpoints>
                              <parameter>
                                       <paraName>C1_Dose</paraName>
                                       <paraValue>20.5</paraValue>
                               </parameter>
                               <parameter>
                                       <paraName>C1_Dose</paraName>
                                       <paraValue>20.5</paraValue>
                               </parameter>
                       </setpoints>
                       <lotProcessedValues>
                              <parameter>
                                       <paraName>C1_Dose</paraName>
                                       <paraValue>20.5</paraValue>
                               </parameter>
                               <parameter>
                                       <paraName>C1_Dose</paraName>
                                       <paraValue>20.5</paraValue>
                               </parameter>
                       </lotProcessedValues>
                         <waferProcessedValues>
                            <wafer>
                                  <waferId>Lot01#01</waferId>
                                  <slotId>01</slotId>
                                  <processedChambers>C1,C3</processedChambers>
                                  <parameter>
                                          <paraName>C1_Dose</paraName>
                                          <paraValue>20.5</paraValue>
                                  </parameter>
                                  <parameter>
                                          <paraName>C1_Focus</paraName>
                                          <paraValue>20</paraValue>
                                   </parameter>
                                   <parameter>
                                           <paraName>C1_x-expansion</paraName>
                                          <paraValue>0</paraValue>
                                   </parameter>
                                  <parameter>
                                          <paraName>C2_Dose</paraName>
                                          <paraValue></paraValue>
                                  </parameter>
                                  <parameter>
                                          <paraName>C2_Focus</paraName>
                                          <paraValue></paraValue>
                                   </parameter>
                                   <parameter>
                                           <paraName>C2_x-expansion</paraName>
                                          <paraValue></paraValue>
                                   </parameter>
                            </wafer>
                            <wafer>
                                  <waferId>Lot01#02</waferId>
                                  <slotId>02</slotId>
                                  <processedChambers>C2,C4</processedChambers>
                                  <parameter>
                                          <paraName>C1_Dose</paraName>
                                          <paraValue></paraValue>
                                  </parameter>
                                  <parameter>
                                          <paraName>C1_Focus</paraName>
                                          <paraValue></paraValue>
                                   </parameter>
                                   <parameter>
                                           <paraName>C1_x-expansion</paraName>
                                          <paraValue></paraValue>
                                   </parameter>
                                  <parameter>
                                          <paraName>C2_Dose</paraName>
                                          <paraValue>20.1</paraValue>
                                  </parameter>
                                  <parameter>
                                          <paraName>C2_Focus</paraName>
                                          <paraValue>20</paraValue>
                                   </parameter>
                                   <parameter>
                                           <paraName>C2_x-expansion</paraName>
                                          <paraValue>0</paraValue>
                                   </parameter>
                            </wafer>
                        </waferProcessedValues>
                  </lot>
				  <lot>
                       <lotId>Y1000.02</lotId>
                       <lotType>P</lotType>
                       <lotQty>20</lotQty>
                       <montherLot>Y1000</montherLot>
                       <rootLotId>Y1000</rootLotId>
                       <area>PH</area>
                       <fabName>Fab1</fabName>
                       <technoloy>14</technoloy>
                       <productId>10003K_P2</productId>
                       <productType>PROD</productType>
                       <planId>Plan00-1-1</planId>
                       <subPlanId>Plan00-1-1-00001</subPlanId>
                       <stepName>Ox0930</stepName>
                       <stepSequence>8001200</stepSequence>
                       <stage>CMP</stage>
                       <recipeId>P280398409</recipeId>
                       <layerName>M1</layerName>
                       <rework>Normal</rework>
                       <reworkCnt>2</reworkCnt>
                       <eqpId>YCU001</eqpId>
                       <lotStatus>Wait</lotStatus>
                       <pilotFlag>N</pilotFlag>
                       <runcardFlag>N</runcardFlag>
                       <r2rMode>L2L</r2rMode>
                       <reticleId>reticle1,reticle2</reticleId>
                       <setpoints>
                              <parameter>
                                       <paraName>C1_Dose</paraName>
                                       <paraValue>20.5</paraValue>
                               </parameter>
                               <parameter>
                                       <paraName>C1_Dose</paraName>
                                       <paraValue>20.5</paraValue>
                               </parameter>
                       </setpoints>
                       <lotProcessedValues>
                              <parameter>
                                       <paraName>C1_Dose</paraName>
                                       <paraValue>20.5</paraValue>
                               </parameter>
                               <parameter>
                                       <paraName>C1_Dose</paraName>
                                       <paraValue>20.5</paraValue>
                               </parameter>
                       </lotProcessedValues>
                         <waferProcessedValues>
                            <wafer>
                                  <waferId>Lot01#01</waferId>
                                  <slotId>01</slotId>
                                  <processedChambers>C1,C3</processedChambers>
                                  <parameter>
                                          <paraName>C1_Dose</paraName>
                                          <paraValue>20.5</paraValue>
                                  </parameter>
                                  <parameter>
                                          <paraName>C1_Focus</paraName>
                                          <paraValue>20</paraValue>
                                   </parameter>
                                   <parameter>
                                           <paraName>C1_x-expansion</paraName>
                                          <paraValue>0</paraValue>
                                   </parameter>
                                  <parameter>
                                          <paraName>C2_Dose</paraName>
                                          <paraValue></paraValue>
                                  </parameter>
                                  <parameter>
                                          <paraName>C2_Focus</paraName>
                                          <paraValue></paraValue>
                                   </parameter>
                                   <parameter>
                                           <paraName>C2_x-expansion</paraName>
                                          <paraValue></paraValue>
                                   </parameter>
                            </wafer>
                            <wafer>
                                  <waferId>Lot01#02</waferId>
                                  <slotId>02</slotId>
                                  <processedChambers>C2,C4</processedChambers>
                                  <parameter>
                                          <paraName>C1_Dose</paraName>
                                          <paraValue></paraValue>
                                  </parameter>
                                  <parameter>
                                          <paraName>C1_Focus</paraName>
                                          <paraValue></paraValue>
                                   </parameter>
                                   <parameter>
                                           <paraName>C1_x-expansion</paraName>
                                          <paraValue></paraValue>
                                   </parameter>
                                  <parameter>
                                          <paraName>C2_Dose</paraName>
                                          <paraValue>20.1</paraValue>
                                  </parameter>
                                  <parameter>
                                          <paraName>C2_Focus</paraName>
                                          <paraValue>20</paraValue>
                                   </parameter>
                                   <parameter>
                                           <paraName>C2_x-expansion</paraName>
                                          <paraValue>0</paraValue>
                                   </parameter>
                            </wafer>
                        </waferProcessedValues>
                  </lot>
        </msgBody>
</msg>
