﻿<?xml version="1.0" encoding="utf-8"?>
<msg xmlns:xsd="http://www.w3.org/2001/XMLSchema" xmlns:xsi="http://www.w3.org/2001/XMLSchema-instance">
  <rvHeader>
    <source>
      <application>Y1.MES</application>
      <msgBus>TibRv</msgBus>
      <domain>Y1</domain>
      <address>YMTCQATEST.OFF.XMLCOMMSRV.&gt;</address>
    </source>
    <destination>
      <application>Y1.R2R</application>
      <msgBus>TibRv</msgBus>
      <domain>Y1</domain>
      <address>YMTCQATEST.R2R.MES.001</address>
    </destination>
    <replyApplication>
      <addressNo>2</addressNo>
      <address applicationName="Y1.MES" seq="1">replyBox.1542</address>
      <address applicationName="Y1.MES" seq="2">_INBOX.9887558B.5B482B2E0DA03.1</address>
    </replyApplication>
  </rvHeader>
  <msgHeader>
    <srvAddr>s1</srvAddr>
    <reqAddr>xxx</reqAddr>
    <msgOwner>MES</msgOwner>
    <srvMethod>UsedSettings</srvMethod>
    <srvId>WIP</srvId>
    <timeStamp>2017-12-28 23:01:59</timeStamp>
    <timeOut>30</timeOut>
    <txId>20180727170545.558.26037064</txId>
    <locale>EN</locale>
    <retCode>0</retCode>
    <retMsg />
  </msgHeader>
  <msgBody>
    <eventName>Jobout</eventName>
    <fabName>Y1</fabName>
    <eqpId>Tool_Id2</eqpId>
    <area>CMP</area>
    <batchId />
    <lotCnt>1</lotCnt>
    <lot>
      <lotId>A00001.01</lotId>
      <lotType>P</lotType>
      <lotQty>25</lotQty>
      <motherLot>A00001</motherLot>
      <rootLotId>A00001</rootLotId>
      <area>CMP</area>
      <fabName>Y1</fabName>
      <technology>14</technology>
      <productId>Product2</productId>
      <productType>PROD</productType>
      <planId>Plan00-1-1</planId>
      <subPlanId>Plan00-1-1-00001</subPlanId>
      <stepName>StepName2</stepName>
      <stepSequence>StepSeq2</stepSequence>
      <stage>CMP</stage>
      <recipeId>Recipe2</recipeId>
      <layerName>Layer2</layerName>
      <rework>Normal</rework>
      <reworkCnt>0</reworkCnt>
      <eqpId>Tool_Id2</eqpId>
      <pilotFlag>Y</pilotFlag>
      <runcardFlag>N</runcardFlag>
      <r2rMode>L2L</r2rMode>
      <reticleId />
      <setpoints>
        <parameter>
          <paraName>LK_P3_STEP11</paraName>
          <paraValue>20</paraValue>
        </parameter>
        <parameter>
          <paraName>LK_P3_STEP12</paraName>
          <paraValue>20</paraValue>
        </parameter>
        <parameter>
          <paraName>LK_P3_STEP11_Zone4</paraName>
          <paraValue>4</paraValue>
        </parameter>
        <parameter>
          <paraName>LK_P3_STEP10</paraName>
          <paraValue>20</paraValue>
        </parameter>
        <parameter>
          <paraName>LK_P3_STEP10_Zone4</paraName>
          <paraValue>4</paraValue>
        </parameter>
        <parameter>
          <paraName>LK_P3_STEP10_Zone3</paraName>
          <paraValue>3</paraValue>
        </parameter>
        <parameter>
          <paraName>LK_P3_STEP10_Zone2</paraName>
          <paraValue>2</paraValue>
        </parameter>
        <parameter>
          <paraName>LK_P3_STEP10_Zone1</paraName>
          <paraValue>1</paraValue>
        </parameter>
        <parameter>
          <paraName>LK_P2_STEP11</paraName>
          <paraValue>10.0</paraValue>
        </parameter>
        <parameter>
          <paraName>LK_P2_STEP12</paraName>
          <paraValue>10</paraValue>
        </parameter>
        <parameter>
          <paraName>LK_P2_STEP11_Zone4</paraName>
          <paraValue>4</paraValue>
        </parameter>
        <parameter>
          <paraName>LK_P2_STEP10</paraName>
          <paraValue>10.0</paraValue>
        </parameter>
        <parameter>
          <paraName>LK_P2_STEP10_Zone4</paraName>
          <paraValue>4</paraValue>
        </parameter>
        <parameter>
          <paraName>LK_P2_STEP10_Zone3</paraName>
          <paraValue>3</paraValue>
        </parameter>
        <parameter>
          <paraName>LK_P2_STEP10_Zone2</paraName>
          <paraValue>2</paraValue>
        </parameter>
        <parameter>
          <paraName>LK_P2_STEP10_Zone1</paraName>
          <paraValue>1</paraValue>
        </parameter>
        <parameter>
          <paraName>LK_P1_STEP11</paraName>
          <paraValue>10.0</paraValue>
        </parameter>
        <parameter>
          <paraName>LK_P1_STEP12</paraName>
          <paraValue>10</paraValue>
        </parameter>
        <parameter>
          <paraName>LK_P1_STEP11_Zone4</paraName>
          <paraValue>4</paraValue>
        </parameter>
        <parameter>
          <paraName>LK_P1_STEP10</paraName>
          <paraValue>10.0</paraValue>
        </parameter>
        <parameter>
          <paraName>LK_P1_STEP10_Zone4</paraName>
          <paraValue>4</paraValue>
        </parameter>
        <parameter>
          <paraName>LK_P1_STEP10_Zone3</paraName>
          <paraValue>3</paraValue>
        </parameter>
        <parameter>
          <paraName>LK_P1_STEP10_Zone2</paraName>
          <paraValue>2</paraValue>
        </parameter>
        <parameter>
          <paraName>LK_P1_STEP10_Zone1</paraName>
          <paraValue>1</paraValue>
        </parameter>
      </setpoints>
      <lotProcessedValues>
        <parameter>
          <paraName>LK_P3_STEP11</paraName>
          <paraValue>20</paraValue>
        </parameter>
        <parameter>
          <paraName>LK_P3_STEP12</paraName>
          <paraValue>20</paraValue>
        </parameter>
        <parameter>
          <paraName>LK_P3_STEP11_Zone4</paraName>
          <paraValue>4</paraValue>
        </parameter>
        <parameter>
          <paraName>LK_P3_STEP10</paraName>
          <paraValue>20</paraValue>
        </parameter>
        <parameter>
          <paraName>LK_P3_STEP10_Zone4</paraName>
          <paraValue>4</paraValue>
        </parameter>
        <parameter>
          <paraName>LK_P3_STEP10_Zone3</paraName>
          <paraValue>3</paraValue>
        </parameter>
        <parameter>
          <paraName>LK_P3_STEP10_Zone2</paraName>
          <paraValue>2</paraValue>
        </parameter>
        <parameter>
          <paraName>LK_P3_STEP10_Zone1</paraName>
          <paraValue>1</paraValue>
        </parameter>
        <parameter>
          <paraName>LK_P2_STEP11</paraName>
          <paraValue>10.0</paraValue>
        </parameter>
        <parameter>
          <paraName>LK_P2_STEP12</paraName>
          <paraValue>10</paraValue>
        </parameter>
        <parameter>
          <paraName>LK_P2_STEP11_Zone4</paraName>
          <paraValue>4</paraValue>
        </parameter>
        <parameter>
          <paraName>LK_P2_STEP10</paraName>
          <paraValue>10.0</paraValue>
        </parameter>
        <parameter>
          <paraName>LK_P2_STEP10_Zone4</paraName>
          <paraValue>4</paraValue>
        </parameter>
        <parameter>
          <paraName>LK_P2_STEP10_Zone3</paraName>
          <paraValue>3</paraValue>
        </parameter>
        <parameter>
          <paraName>LK_P2_STEP10_Zone2</paraName>
          <paraValue>2</paraValue>
        </parameter>
        <parameter>
          <paraName>LK_P2_STEP10_Zone1</paraName>
          <paraValue>1</paraValue>
        </parameter>
        <parameter>
          <paraName>LK_P1_STEP11</paraName>
          <paraValue>10.0</paraValue>
        </parameter>
        <parameter>
          <paraName>LK_P1_STEP12</paraName>
          <paraValue>10</paraValue>
        </parameter>
        <parameter>
          <paraName>LK_P1_STEP11_Zone4</paraName>
          <paraValue>4</paraValue>
        </parameter>
        <parameter>
          <paraName>LK_P1_STEP10</paraName>
          <paraValue>10.0</paraValue>
        </parameter>
        <parameter>
          <paraName>LK_P1_STEP10_Zone4</paraName>
          <paraValue>4</paraValue>
        </parameter>
        <parameter>
          <paraName>LK_P1_STEP10_Zone3</paraName>
          <paraValue>3</paraValue>
        </parameter>
        <parameter>
          <paraName>LK_P1_STEP10_Zone2</paraName>
          <paraValue>2</paraValue>
        </parameter>
        <parameter>
          <paraName>LK_P1_STEP10_Zone1</paraName>
          <paraValue>1</paraValue>
        </parameter>
      </lotProcessedValues>
      <waferProcessedValues>
        <wafer>
          <waferId>A00001.01#01</waferId>
          <slotId>01</slotId>
          <processedChambers>H1</processedChambers>
          <parameter>
            <paraName>LK_P1_STEP10</paraName>
            <paraValue>9.96</paraValue>
          </parameter>
          <parameter>
            <paraName>LK_P2_STEP10</paraName>
            <paraValue>9.90</paraValue>
          </parameter>
          <parameter>
            <paraName>LK_P3_STEP10</paraName>
            <paraValue>19.20</paraValue>
          </parameter>
        </wafer>
        <wafer>
          <waferId>A00001.01#02</waferId>
          <slotId>02</slotId>
          <processedChambers>H2</processedChambers>
          <parameter>
            <paraName>LK_P1_STEP10</paraName>
            <paraValue>9.28</paraValue>
          </parameter>
          <parameter>
            <paraName>LK_P2_STEP10</paraName>
            <paraValue>9.96</paraValue>
          </parameter>
          <parameter>
            <paraName>LK_P3_STEP10</paraName>
            <paraValue>19.87</paraValue>
          </parameter>
        </wafer>
        <wafer>
          <waferId>A00001.01#03</waferId>
          <slotId>03</slotId>
          <processedChambers>H3</processedChambers>
          <parameter>
            <paraName>LK_P1_STEP10</paraName>
            <paraValue>10.28</paraValue>
          </parameter>
          <parameter>
            <paraName>LK_P2_STEP10</paraName>
            <paraValue>10.06</paraValue>
          </parameter>
          <parameter>
            <paraName>LK_P3_STEP10</paraName>
            <paraValue>20.05</paraValue>
          </parameter>
        </wafer>
        <wafer>
          <waferId>A00001.01#04</waferId>
          <slotId>04</slotId>
          <processedChambers>H4</processedChambers>
          <parameter>
            <paraName>LK_P1_STEP10</paraName>
            <paraValue>10.28</paraValue>
          </parameter>
          <parameter>
            <paraName>LK_P2_STEP10</paraName>
            <paraValue>10.06</paraValue>
          </parameter>
          <parameter>
            <paraName>LK_P3_STEP10</paraName>
            <paraValue>20.05</paraValue>
          </parameter>
        </wafer>
        <wafer>
          <waferId>A00001.01#05</waferId>
          <slotId>05</slotId>
          <processedChambers>H1</processedChambers>
          <parameter>
            <paraName>LK_P1_STEP10</paraName>
            <paraValue />
          </parameter>
          <parameter>
            <paraName>LK_P2_STEP10</paraName>
            <paraValue />
          </parameter>
          <parameter>
            <paraName>LK_P3_STEP10</paraName>
            <paraValue />
          </parameter>
        </wafer>
      </waferProcessedValues>
    </lot>
  </msgBody>
</msg>