﻿<?xml version="1.0" encoding="utf-8"?>
<msg>
  <rvHeader>
    <source>
      <application>Y1.R2R</application>
      <msgBus>TibRv</msgBus>
      <domain>Y1</domain>
      <address>YMTCQATEST.R2R.MES.001</address>
    </source>
    <destination>
      <application>Y1.MES</application>
      <msgBus>TibRv</msgBus>
      <domain>Y1</domain>
      <address>YMTCQATEST.OFF.XMLCOMMSRV.&gt;</address>
    </destination>
    <replyApplication>
      <addressNo>1</addressNo>
      <address applicationName="Y1.MES" seq="1">replyBox.1542</address>
    </replyApplication>
  </rvHeader>
  <msgHeader>
    <srvAddr>s1</srvAddr>
    <reqAddr>xxx</reqAddr>
    <msgOwner>MES</msgOwner>
    <srvMethod>CalcRecipeSettings</srvMethod>
    <srvId>WIP</srvId>
    <timeStamp>2017-12-28 10:01:59</timeStamp>
    <timeOut>30</timeOut>
    <txId>20180727152240.186.62112816</txId>
    <locale>EN</locale>
    <retCode>0</retCode>
    <retMsg />
  </msgHeader>
  <msgBody>
    <retCode>0</retCode>
    <retMessage>,A00001.01[Code:0 Details:Start CalcRecipeSettings,Success End]</retMessage>
    <eventName>JobPrep</eventName>
    <fabName>Y1</fabName>
    <eqpId>Tool_Id2</eqpId>
    <area>CMP</area>
    <batchId />
    <lotCnt>1</lotCnt>
    <lot>
      <lotId>A00001.01</lotId>
      <lotType>P</lotType>
      <lotQty>25</lotQty>
      <motherLot>A00001</motherLot>
      <rootLotId>A00001</rootLotId>
      <area>CMP</area>
      <fabName>Y1</fabName>
      <technology>14</technology>
      <productId>Product2</productId>
      <productType>PROD</productType>
      <planId>Plan00-1-1</planId>
      <subPlanId>Plan00-1-1-00001</subPlanId>
      <stepName>StepName2</stepName>
      <stepSequence>StepSeq2</stepSequence>
      <stage>CMP</stage>
      <recipeId>Recipe2</recipeId>
      <layerName>Layer2</layerName>
      <rework>Normal</rework>
      <reworkCnt>0</reworkCnt>
      <eqpId>Tool_Id2</eqpId>
      <chambers>Tool_Id2P1,Tool_Id2P2,Tool_Id2P3</chambers>
      <pilotFlag>Y</pilotFlag>
      <runcardFlag>N</runcardFlag>
      <r2rMode>L2L</r2rMode>
      <reticleId />
      <waferIds>A00001.01#01,A00001.01#02,A00001.01#03,A00001.01#04,A00001.01#05,A00001.01#06,A00001.01#07,A00001.01#08,A00001.01#09,A00001.01#10,A00001.01#11,A00001.01#12,A00001.01#13,A00001.01#14,A00001.01#15,A00001.01#16,A00001.01#17,A00001.01#18,A00001.01#19,A00001.01#20,A00001.01#21,A00001.01#22,A00001.01#23,A00001.01#24,A00001.01#25</waferIds>
      <slotIds>001,002,003,004,005,006,007,008,009,010,011,012,013,014,015,016,017,018,019,020,021,022,023,024,025</slotIds>
      <calcValues>
        <parameter>
          <paraName>Slurry_Step10</paraName>
          <paraValue>100</paraValue>
        </parameter>
      </calcValues>
      <waferCalcValues />
    </lot>
  </msgBody>
</msg>