<?xml version="1.0" encoding="GB2312"?>
<msg>
  <rvHeader>
    <source>
      <application>Y1.MES</application>
      <msgBus>MBX</msgBus>
      <domain>Y1</domain>
      <address>FWSRVdefault</address>
    </source>
    <destination>
      <application>Y1.R2R</application>
      <msgBus>TibRv</msgBus>
      <domain>Y1</domain>
      <address>YMTCQATEST.R2R.MES.&gt;</address>
    </destination>
    <replyApplication>
      <addressNo>2</addressNo>
      <address applicationName="Y1.MES" seq="1">replyBox.13524</address>
      <address applicationName="Y1.MES" seq="2">YMTCQATEST.XMLCOMMSRV_REPLY.YMTCTEST.MES_MBX_QATEST</address>
    </replyApplication>
  </rvHeader>
  <msgHeader>
    <srvAddr />
    <reqAddr>YMTCTEST.12435.CalcRecipeSettings.20180703153559888</reqAddr>
    <msgOwner />
    <srvMethod>CalcRecipeSettings</srvMethod>
    <srvId />
    <timeStamp>20180703 153559</timeStamp>
    <timeOut>60</timeOut>
    <txId>35804</txId>
    <locale>EN</locale>
    <retCode>0</retCode>
    <retMsg />
  </msgHeader>
  <msgBody>
    <eventName>JobPrep</eventName>
    <fabName>Fab1</fabName>
    <eqpId>UPLITHO03</eqpId>
    <area />
    <batchId>FWADM_FP300_12223</batchId>
    <lotCnt>1</lotCnt>
    <lot>
      <lotId>A870112</lotId>
      <lotType>E1</lotType>
      <lotQty>25</lotQty>
      <motherLot>A870112</motherLot>
      <rootLotId>A870112</rootLotId>
      <area />
      <fabName>Fab1</fabName>
      <technology>24nm</technology>
      <productId>LITHOPRD.0</productId>
      <productType>Normal</productType>
      <planId>LITHO-TOP.1</planId>
      <subPlanId>LITHO-SUB03.0</subPlanId>
      <stepName>UPLITHO-03</stepName>
      <stepSequence>00095.10.00100</stepSequence>
      <stage>LITHO-L3</stage>
      <recipeId>RCP03@SCNRCP01.637AA1</recipeId>
      <layerName>637</layerName>
      <rework>Normal</rework>
      <reworkCnt>0</reworkCnt>
      <eqpId>UPLITHO03</eqpId>
      <chambers />
      <processingStatus>Active</processingStatus>
      <pilotFlag>Y</pilotFlag>
      <runcardFlag>N</runcardFlag>
      <r2rMode>L2L</r2rMode>
      <reticleId>000001-00001-003</reticleId>
      <waferIds>A870112#01,A870112#02,A870112#03,A870112#04,A870112#05,A870112#06,A870112#07,A870112#08,A870112#09,A870112#10,A870112#11,A870112#12,A870112#13,A870112#14,A870112#15,A870112#16,A870112#17,A870112#18,A870112#19,A870112#20,A870112#21,A870112#22,A870112#23,A870112#24,A870112#25</waferIds>
      <slotIds>001,002,003,004,005,006,007,008,009,010,011,012,013,014,015,016,017,018,019,020,021,022,023,024,025</slotIds>
      <calcValues>
        <parameter>
          <paraName>A1</paraName>
          <paraValue>1.1</paraValue>
        </parameter>
        <parameter>
          <paraName>A2</paraName>
          <paraValue>2.2</paraValue>
        </parameter>
        <parameter>
          <paraName>A3</paraName>
          <paraValue>2.3</paraValue>
        </parameter>
        <parameter>
          <paraName>A4</paraName>
          <paraValue>2.4</paraValue>
        </parameter>
        <parameter>
          <paraName>A5</paraName>
          <paraValue>2.5</paraValue>
        </parameter>
        <parameter>
          <paraName>A6</paraName>
          <paraValue>6</paraValue>
        </parameter>
      </calcValues>
    </lot>
  </msgBody>
</msg>