<?xml version="1.0" encoding="utf-8"?>
<msg xmlns:xsd="http://www.w3.org/2001/XMLSchema" xmlns:xsi="http://www.w3.org/2001/XMLSchema-instance">
  <rvHeader>
    <source>
      <application>MES</application>
      <msgBus>TibRv</msgBus>
      <domain>Y1</domain>
      <address>Y1.TEST.MES.*</address>
    </source>
    <destination>
      <application>R2R</application>
      <msgBus>TibRv</msgBus>
      <domain>Y1</domain>
      <address>Y1.TEST.R2R.MES</address>
    </destination>
    <replyApplication>
      <addressNo>1</addressNo>
      <address applicationName="MES" seq="1">_INBOX.C0A89687.5AEA56800B1A.1</address>
    </replyApplication>
  </rvHeader>
  <msgHeader>
    <srvAddr>s1</srvAddr>
    <reqAddr>xxx</reqAddr>
    <msgOwner>MES</msgOwner>
    <srvMethod>CalcRecipeSettings</srvMethod>
    <srvId>WIP</srvId>
    <timeStamp>2017-12-28 10:01:59</timeStamp>
    <timeOut>30</timeOut>
    <txId>20180504090004.865.41164413</txId>
    <retCode>0</retCode>
    <retMsg />
  </msgHeader>
  <msgBody>
    <eventName>JobPrep</eventName>
    <fabName>Fab1</fabName>
    <eqpId>YCU001</eqpId>
    <area>CMP</area>
    <batchId />
    <lotCnt>1</lotCnt>
    <lot>
      <lotId>Y1000.01</lotId>
      <lotType>P</lotType>
      <lotQty>20</lotQty>
      <rootLotId>Y1000</rootLotId>
      <area>CMP</area>
      <fabName>Y1</fabName>
      <productId>10003K_P2</productId>
      <productType>PROD</productType>
      <planId>Plan00-1-1</planId>
      <subPlanId>Plan00-1-1-00001</subPlanId>
      <stepName>Ox0930</stepName>
      <stepSequence>7001200</stepSequence>
      <stage>CMP</stage>
      <recipeId>P280398409</recipeId>
      <layerName>M5</layerName>
      <rework>Normal</rework>
      <reworkCnt>2</reworkCnt>
      <eqpId>YCU001</eqpId>
      <chambers>C1,C2</chambers>
      <pilotFlag>N</pilotFlag>
      <runcardFlag>N</runcardFlag>
      <r2rMode>L2L</r2rMode>
      <reticleId />
      <waferIds>Lot01#01,Lot01#02,Lot01#03</waferIds>
      <slotIds>01,02,03</slotIds>
      <calcValues>
        <parameter>
          <paraName>LKP_P1_STEP10_Zone1</paraName>
          <paraValue>1.03</paraValue>
        </parameter>
        <parameter>
          <paraName>LKP_P1_STEP10_Zone2</paraName>
          <paraValue>1.03</paraValue>
        </parameter>
        <parameter>
          <paraName>LKP_P1_STEP10_Zone3</paraName>
          <paraValue>1.02</paraValue>
        </parameter>
        <parameter>
          <paraName>LKP_P1_STEP10_Zone4</paraName>
          <paraValue>1.04</paraValue>
        </parameter>
        <parameter>
          <paraName>LKP_P1_STEP10_Zone5</paraName>
          <paraValue>1.04</paraValue>
        </parameter>
        <parameter>
          <paraName>LKP_P1_STEP10_Zone6</paraName>
          <paraValue>1.05</paraValue>
        </parameter>
        <parameter>
          <paraName>LKP_P1_STEP10_Zone7</paraName>
          <paraValue>1.04</paraValue>
        </parameter>
        <parameter>
          <paraName>LKP_P1_STEP10_PolishTime</paraName>
          <paraValue>27</paraValue>
        </parameter>
      </calcValues>
    </lot>
  </msgBody>
</msg>