﻿<?xml version="1.0" encoding="utf-8"?>
<msg>
  <rvHeader>
    <source>
      <application>MES</application>
      <msgBus>TibRv</msgBus>
      <domain>Y1</domain>
      <address>Y1.TEST.MES.*</address>
    </source>
    <destination>
      <application>R2R</application>
      <msgBus>TibRv</msgBus>
      <domain>Y1</domain>
      <address>Y1.TEST.R2R.MES</address>
    </destination>
    <replyApplication>
      <addressNo>1</addressNo>
      <address applicationName="MES" seq="1">_INBOX.C0A89687.5AEA56800B1A.1</address>
    </replyApplication>
  </rvHeader>
  <msgHeader>
    <srvAddr>s1</srvAddr>
    <reqAddr>xxx</reqAddr>
    <msgOwner>MES</msgOwner>
    <srvMethod>Metrology</srvMethod>
    <srvId></srvId>
    <timeStamp>2017-12-28 10:01:59</timeStamp>
    <timeOut>60</timeOut>
    <txId>18</txId>
    <locale>EN</locale>
    <retCode>2</retCode>
    <retMsg/>
  </msgHeader>
  <msgBody>
    <eventName></eventName>
    <fabName>Fab1</fabName>
    <eqpId>YCU001</eqpId>
    <area>PH</area>
    <batchId>PH</batchId>
    <lotCnt>1</lotCnt>
    <lot>
      <lotId>Y1000.01</lotId>
      <lotType>P</lotType>
      <lotQty>20</lotQty>
      <montherLot>Y1000</montherLot>
      <rootLotId>Y1000</rootLotId>
      <area>PH</area>
      <fabName>Fab1</fabName>
      <technoloy>14</technoloy>
      <productId>10003K_P2</productId>
      <productType>PROD</productType>
      <planId>Plan00-1-1</planId>
      <subPlanId>Plan00-1-1-00001</subPlanId>
      <stage>CMP</stage>
      <rework>Normal</rework>
      <reworkCnt>2</reworkCnt>
      <metrologyLayerName>M1</metrologyLayerName>
      <metrologyStepName>OVL02</metrologyStepName>
      <metrologyStepSequence>100000</metrologyStepSequence>
      <metrologyRecipeName>UYIE3</metrologyRecipeName>
      <metrologyToolName>YCU001</metrologyToolName>
      <processingStatus>Wait</processingStatus>
      <pilotFlag>N</pilotFlag>
      <runcardFlag>N</runcardFlag>
      <r2rMode>On</r2rMode>
      <waferIds>Lot01#01,Lot01#02</waferIds>
      <slotIds>01,02</slotIds>
      <wafer>
        <waferId>Lot01#01</waferId>
        <parameter>
          <name>THKP1#1</name>
          <target>250</target>
          <upperSpecLimit>300</upperSpecLimit>
          <lowerSpecLimit>200</lowerSpecLimit>
          <site>
            <index>1</index>
            <value>245.02</value>
            <oos>N</oos>
          </site>
          <site>
            <index>2</index>
            <value>248.06</value>
            <oos>N</oos>
          </site>
          <site>
            <index>3</index>
            <value>255.05</value>
            <oos>N</oos>
          </site>
        </parameter>
        <parameter>
          <name>THKP2#1</name>
          <target>20</target>
          <upperSpecLimit>300</upperSpecLimit>
          <lowerSpecLimit>200</lowerSpecLimit>
          <site>
            <index>1</index>
            <value>248.16</value>
            <oos>N</oos>
          </site>
          <site>
            <index>2</index>
            <value>250.28</value>
            <oos>N</oos>
          </site>
          <site>
            <index>3</index>
            <value>252.85</value>
            <oos>N</oos>
          </site>
        </parameter>
      </wafer>
      <wafer>
        <waferId>Lot01#02</waferId>
        <parameter>
          <name>THKP1#1</name>
          <target>20</target>
          <upperSpecLimit>300</upperSpecLimit>
          <lowerSpecLimit>200</lowerSpecLimit>
          <site>
            <index>1</index>
            <value>252.02</value>
            <oos>N</oos>
          </site>
          <site>
            <index>2</index>
            <value>248.08</value>
            <oos>N</oos>
          </site>
          <site>
            <index>3</index>
            <value>256.10</value>
            <oos>N</oos>
          </site>
        </parameter>
        <parameter>
          <name>THKP2#1</name>
          <target>20</target>
          <upperSpecLimit>300</upperSpecLimit>
          <lowerSpecLimit>200</lowerSpecLimit>
          <site>
            <index>1</index>
            <value>248.78</value>
            <oos>N</oos>
          </site>
          <site>
            <index>2</index>
            <value>249.96</value>
            <oos>N</oos>
          </site>
          <site>
            <index>3</index>
            <value>251.30</value>
            <oos>N</oos>
          </site>
        </parameter>
      </wafer>
    </lot>
  </msgBody>
</msg>
