﻿<?xml version="1.0" encoding="utf-8"?>
<msg>
  <rvHeader> 
			<source> 
				<application>MES</application> 
				<msgBus>TibRv</msgBus> 
				<domain>Y1</domain> 
				<address>Y1.TEST.MES</address> 
			</source> 
			<destination> 
				<application>R2R</application> 
				<msgBus>TibRv</msgBus> 
				<domain>Y1</domain> 
				<address>Y1.TEST.R2R.MES</address> 
			</destination> 
				<replyApplication>
				<addressNo>1</addressNo>
				<address applicationName="MES" seq="1"></address>
			</replyApplication>
		</rvHeader> 
        <msgHeader> 
                <srvAddr>s1</srvAddr>
                <reqAddr>xxx</reqAddr>
                <msgOwner>MES</msgOwner> 
                <srvMethod>UsedSettings</srvMethod>
                <srvId>WIP</srvId>
                <timeStamp>2017-12-28 23:01:59</timeStamp>
                <timeOut>60</timeOut>
                <txId>1801</txId>
                <locale>EN</locale>
                <retCode>0</retCode>
                <retMsg/>
        </msgHeader> 
        <msgBody>
                <eventName>JobOut</eventName>
                <fabName>Fab1</fabName>
                <eqpId>YCU001</eqpId>
                <area>CMP</area>
                <batchId></batchId>
                <lotCnt>1</lotCnt>
                <lot>
                       <lotId>Y1000.01</lotId>
                       <lotType>P</lotType>
                       <lotQty>20</lotQty>
                       <motherLot>Y1000</motherLot>
                       <rootLotId>Y1000</rootLotId>
                       <area>CMP</area>
                       <fabName>Fab1</fabName>
                       <technology>14</technology>
                       <productId>10003K_P2</productId>
                       <productType>PROD</productType>
                       <planId>Plan00-1-1</planId>
                       <subPlanId>Plan00-1-1-00001</subPlanId>
                       <stepName>Ox0930</stepName>
                       <stepSequence>7001200</stepSequence>
                       <stage>CMP</stage>
                       <recipeId>P280398409</recipeId>
                       <layerName>M1</layerName>
                       <rework>Normal</rework>
                       <reworkCnt>2</reworkCnt>
                       <eqpId>YCU001</eqpId>
                       <lotStatus>Wait</lotStatus>
                       <pilotFlag>N</pilotFlag>
                       <runcardFlag>N</runcardFlag>
                       <r2rMode>L2L</r2rMode>
                       <reticleId></reticleId>
                       <setpoints>
                              <parameter>
                                           <paraName>LKP_P1_STEP10_Zone1</paraName>
                                           <paraValue>1.03</paraValue>
                                   </parameter>
                                   <parameter>
                                           <paraName>LKP_P1_STEP10_Zone2</paraName>
                                           <paraValue>1.03</paraValue>
                                    </parameter>
                                    <parameter>
                                            <paraName>LKP_P1_STEP10_Zone3</paraName>
                                           <paraValue>1.02</paraValue>
                                    </parameter>
                                    <parameter>
                                            <paraName>LKP_P1_STEP10_Zone4</paraName>
                                           <paraValue>1.04</paraValue>
                                    </parameter>
                                    <parameter>
                                            <paraName>LKP_P1_STEP10_Zone5</paraName>
                                           <paraValue>1.04</paraValue>
                                    </parameter>
									<parameter>
                                            <paraName>LKP_P1_STEP10_Zone6</paraName>
                                           <paraValue>1.05</paraValue>
                                    </parameter>
									<parameter>
                                            <paraName>LKP_P1_STEP10_Zone7</paraName>
                                           <paraValue>1.04</paraValue>
                                    </parameter>
									<parameter>
                                            <paraName>LKP_P1_STEP10_PolishTime</paraName>
                                           <paraValue>27</paraValue>
                                    </parameter>
                       </setpoints>
                       <lotProcessedValues>
                              <parameter>
                                           <paraName>LKP_P1_STEP10_Zone1</paraName>
                                           <paraValue>1.03</paraValue>
                                   </parameter>
                                   <parameter>
                                           <paraName>LKP_P1_STEP10_Zone2</paraName>
                                           <paraValue>1.03</paraValue>
                                    </parameter>
                                    <parameter>
                                            <paraName>LKP_P1_STEP10_Zone3</paraName>
                                           <paraValue>1.02</paraValue>
                                    </parameter>
                                    <parameter>
                                            <paraName>LKP_P1_STEP10_Zone4</paraName>
                                           <paraValue>1.04</paraValue>
                                    </parameter>
                                    <parameter>
                                            <paraName>LKP_P1_STEP10_Zone5</paraName>
                                           <paraValue>1.04</paraValue>
                                    </parameter>
									<parameter>
                                            <paraName>LKP_P1_STEP10_Zone6</paraName>
                                           <paraValue>1.05</paraValue>
                                    </parameter>
									<parameter>
                                            <paraName>LKP_P1_STEP10_Zone7</paraName>
                                           <paraValue>1.04</paraValue>
                                    </parameter>
									<parameter>
                                            <paraName>LKP_P1_STEP10_PolishTime</paraName>
                                           <paraValue>27</paraValue>
                                    </parameter>
                       </lotProcessedValues>
                         <waferProcessedValues>
                            <wafer>
                                  <waferId>Lot01#01</waferId>
                                  <slotId>01</slotId>
                                  <processedChambers>H1</processedChambers>
                                  <parameter>
                                           <paraName>LKP_P1_STEP10_Zone1</paraName>
                                           <paraValue>1.03</paraValue>
                                   </parameter>
                                   <parameter>
                                           <paraName>LKP_P1_STEP10_Zone2</paraName>
                                           <paraValue>1.03</paraValue>
                                    </parameter>
                                    <parameter>
                                            <paraName>LKP_P1_STEP10_Zone3</paraName>
                                           <paraValue>1.02</paraValue>
                                    </parameter>
                                    <parameter>
                                            <paraName>LKP_P1_STEP10_Zone4</paraName>
                                           <paraValue>1.04</paraValue>
                                    </parameter>
                                    <parameter>
                                            <paraName>LKP_P1_STEP10_Zone5</paraName>
                                           <paraValue>1.04</paraValue>
                                    </parameter>
									<parameter>
                                            <paraName>LKP_P1_STEP10_Zone6</paraName>
                                           <paraValue>1.05</paraValue>
                                    </parameter>
									<parameter>
                                            <paraName>LKP_P1_STEP10_Zone7</paraName>
                                           <paraValue>1.04</paraValue>
                                    </parameter>
									<parameter>
                                            <paraName>LKP_P1_STEP10_PolishTime</paraName>
                                           <paraValue>27</paraValue>
                                    </parameter>
                            </wafer>
                            <wafer>
                                  <waferId>Lot01#02</waferId>
                                  <slotId>02</slotId>
                                  <processedChambers>H2</processedChambers>
                                  <parameter>
                                           <paraName>LKP_P1_STEP10_Zone1</paraName>
                                           <paraValue>1.03</paraValue>
                                   </parameter>
                                   <parameter>
                                           <paraName>LKP_P1_STEP10_Zone2</paraName>
                                           <paraValue>1.03</paraValue>
                                    </parameter>
                                    <parameter>
                                            <paraName>LKP_P1_STEP10_Zone3</paraName>
                                           <paraValue>1.02</paraValue>
                                    </parameter>
                                    <parameter>
                                            <paraName>LKP_P1_STEP10_Zone4</paraName>
                                           <paraValue>1.04</paraValue>
                                    </parameter>
                                    <parameter>
                                            <paraName>LKP_P1_STEP10_Zone5</paraName>
                                           <paraValue>1.04</paraValue>
                                    </parameter>
									<parameter>
                                            <paraName>LKP_P1_STEP10_Zone6</paraName>
                                           <paraValue>1.05</paraValue>
                                    </parameter>
									<parameter>
                                            <paraName>LKP_P1_STEP10_Zone7</paraName>
                                           <paraValue>1.04</paraValue>
                                    </parameter>
									<parameter>
                                            <paraName>LKP_P1_STEP10_PolishTime</paraName>
                                           <paraValue>27</paraValue>
                                    </parameter>
                            </wafer>
                           <wafer>
                             <waferId>Lot01#03</waferId>
                             <slotId>03</slotId>
                             <processedChambers>H2</processedChambers>
                             <parameter>
                               <paraName>LKP_P1_STEP10_Zone1</paraName>
                               <paraValue>1.03</paraValue>
                             </parameter>
                             <parameter>
                               <paraName>LKP_P1_STEP10_Zone2</paraName>
                               <paraValue>1.03</paraValue>
                             </parameter>
                             <parameter>
                               <paraName>LKP_P1_STEP10_Zone3</paraName>
                               <paraValue>1.02</paraValue>
                             </parameter>
                             <parameter>
                               <paraName>LKP_P1_STEP10_Zone4</paraName>
                               <paraValue>1.04</paraValue>
                             </parameter>
                             <parameter>
                               <paraName>LKP_P1_STEP10_Zone5</paraName>
                               <paraValue>1.04</paraValue>
                             </parameter>
                             <parameter>
                               <paraName>LKP_P1_STEP10_Zone6</paraName>
                               <paraValue>1.05</paraValue>
                             </parameter>
                             <parameter>
                               <paraName>LKP_P1_STEP10_Zone7</paraName>
                               <paraValue>1.04</paraValue>
                             </parameter>
                             <parameter>
                               <paraName>LKP_P1_STEP10_PolishTime</paraName>
                               <paraValue>27</paraValue>
                             </parameter>
                           </wafer>
                        </waferProcessedValues>
                  </lot>
        </msgBody>
</msg>
