<?xml version="1.0" encoding="GB2312"?>
<msg>
  <rvHeader>
    <source>
      <application>Y1.MES</application>
      <msgBus>MBX</msgBus>
      <domain>Y1</domain>
      <address>FWSRVdefault</address>
    </source>
    <destination>
      <application>Y1.R2R</application>
      <msgBus>TibRv</msgBus>
      <domain>Y1</domain>
      <address>YMTCQATEST.R2R.MES.&gt;</address>
    </destination>
    <replyApplication>
      <addressNo>
      </addressNo>
    </replyApplication>
  </rvHeader>
  <msgHeader>
    <srvAddr>YMTCQATEST.R2R.MES.&gt;</srvAddr>
    <reqAddr>Y1.WIN-A486VACJ1UJ.BSReqHoldLot.20180723162534</reqAddr>
    <msgOwner>WIN-A486VACJ1UJ.7</msgOwner>
    <srvMethod>BSReqHoldLot</srvMethod>
    <srvId>R2R</srvId>
    <timeStamp>20180723 162521</timeStamp>
    <timeOut>5</timeOut>
    <txId>20180723162534.340.49123667</txId>
    <locale>EN</locale>
    <retCode>1</retCode>
    <retMsg>Error(6-14) TID=20180723162534.340.49123667 Rule Parameter 'HOLDCOMMENT' is missing.</retMsg>
  </msgHeader>
  <msgBody>
    <result>1</result>
    <errorDesc />
    <lotListNo />
  </msgBody>
</msg>