﻿<?xml version="1.0" encoding="utf-8"?>
<msg>
  <rvHeader>
    <source>
      <application>Y1.R2R</application>
      <msgBus>TibRv</msgBus>
      <domain>Y1</domain>
      <address>YMTCQATEST.R2R.MES.&gt;</address>
    </source>
    <destination>
      <application>Y1.MES</application>
      <msgBus>MBX</msgBus>
      <domain>Y1</domain>
      <address>FWSRVdefault</address>
    </destination>
    <replyApplication>
      <addressNo>1</addressNo>
      <address applicationName="Y1.R2R" seq="1">_INBOX.9887558B.5B482B2E0D674.1</address>
    </replyApplication>
  </rvHeader>
  <msgHeader>
    <srvAddr>YMTCQATEST.R2R.MES.&gt;</srvAddr>
    <reqAddr>Y1.WIN-A486VACJ1UJ.BSReqHoldLot.20180723165204</reqAddr>
    <msgOwner>WIN-A486VACJ1UJ.7</msgOwner>
    <srvMethod>BSReqHoldLot</srvMethod>
    <srvId>R2R</srvId>
    <timeStamp>2018-07-23 16:52:04</timeStamp>
    <timeOut>5</timeOut>
    <txId>20180723165204.352.27264195</txId>
    <locale>EN</locale>
    <retCode>0</retCode>
    <retMsg />
  </msgHeader>
  <msgBody>
    <userId>FWADMIN</userId>
    <SpecialHoldFlag>N</SpecialHoldFlag>
    <lotListNo>1</lotListNo>
    <lotList>
      <lotId>A860075</lotId>
      <briefDesc>Holder:AMAT,Sponsor:E2-PH-PE01,Tel:12345678,ReasonCode:R2RHOLD</briefDesc>
      <detailDesc>NA</detailDesc>
    </lotList>
  </msgBody>
</msg>