<?xml version="1.0" encoding="GB2312"?>
<msg>
  <rvHeader>
    <source>
      <application>Y1.MES</application>
      <msgBus>MBX</msgBus>
      <domain>Y1</domain>
      <address>FWSRVdefault</address>
    </source>
    <destination>
      <application>Y1.R2R</application>
      <msgBus>TibRv</msgBus>
      <domain>Y1</domain>
      <address>YMTCQATEST.R2R.MES.&gt;</address>
    </destination>
    <replyApplication>
      <addressNo>
      </addressNo>
    </replyApplication>
  </rvHeader>
  <msgHeader>
    <srvAddr>YMTCQATEST.R2R.MES.&gt;</srvAddr>
    <reqAddr>Y1.WIN-A486VACJ1UJ.QueryLotInfo.20180628121413</reqAddr>
    <msgOwner>WIN-A486VACJ1UJ.5</msgOwner>
    <srvMethod>LotQueryInfo</srvMethod>
    <srvId>R2R</srvId>
    <timeStamp>20180628 121452</timeStamp>
    <timeOut>5</timeOut>
    <txId>20180628121413.714.18551229</txId>
    <locale>EN</locale>
    <retCode>0</retCode>
    <retMsg />
  </msgHeader>
  <msgBody>
    <retCode>0</retCode>
    <retMessage />
    <lot>
      <lotId>A860075</lotId>
      <lotType>E1</lotType>
      <lotQty>25</lotQty>
      <motherLot>A860075</motherLot>
      <rootLotId>A860075</rootLotId>
      <area>AMAT</area>
      <fabName>Fab1</fabName>
      <technology>24nm</technology>
      <productId>LITHOPRD.0</productId>
      <productType>Normal</productType>
      <planId>LITHO-TOP.1</planId>
      <subPlanId>LITHO-SUB01.0</subPlanId>
      <stepName>UMOVL-01</stepName>
      <stepSequence>00008.10.00020</stepSequence>
      <stage>LITHO-L1</stage>
      <recipeId>OVL01_618</recipeId>
      <layerName>618</layerName>
      <rework>Normal</rework>
      <reworkCnt>0</reworkCnt>
      <processingStatus>Active</processingStatus>
      <pilotFlag>N</pilotFlag>
      <runcardFlag>N</runcardFlag>
      <wafer>
        <waferId>A860075#01</waferId>
        <slotId>001</slotId>
      </wafer>
      <wafer>
        <waferId>A860075#02</waferId>
        <slotId>002</slotId>
      </wafer>
      <wafer>
        <waferId>A860075#03</waferId>
        <slotId>003</slotId>
      </wafer>
      <wafer>
        <waferId>A860075#04</waferId>
        <slotId>004</slotId>
      </wafer>
      <wafer>
        <waferId>A860075#05</waferId>
        <slotId>005</slotId>
      </wafer>
      <wafer>
        <waferId>A860075#06</waferId>
        <slotId>006</slotId>
      </wafer>
      <wafer>
        <waferId>A860075#07</waferId>
        <slotId>007</slotId>
      </wafer>
      <wafer>
        <waferId>A860075#08</waferId>
        <slotId>008</slotId>
      </wafer>
      <wafer>
        <waferId>A860075#09</waferId>
        <slotId>009</slotId>
      </wafer>
      <wafer>
        <waferId>A860075#10</waferId>
        <slotId>010</slotId>
      </wafer>
      <wafer>
        <waferId>A860075#11</waferId>
        <slotId>011</slotId>
      </wafer>
      <wafer>
        <waferId>A860075#12</waferId>
        <slotId>012</slotId>
      </wafer>
      <wafer>
        <waferId>A860075#13</waferId>
        <slotId>013</slotId>
      </wafer>
      <wafer>
        <waferId>A860075#14</waferId>
        <slotId>014</slotId>
      </wafer>
      <wafer>
        <waferId>A860075#15</waferId>
        <slotId>015</slotId>
      </wafer>
      <wafer>
        <waferId>A860075#16</waferId>
        <slotId>016</slotId>
      </wafer>
      <wafer>
        <waferId>A860075#17</waferId>
        <slotId>017</slotId>
      </wafer>
      <wafer>
        <waferId>A860075#18</waferId>
        <slotId>018</slotId>
      </wafer>
      <wafer>
        <waferId>A860075#19</waferId>
        <slotId>019</slotId>
      </wafer>
      <wafer>
        <waferId>A860075#20</waferId>
        <slotId>020</slotId>
      </wafer>
      <wafer>
        <waferId>A860075#21</waferId>
        <slotId>021</slotId>
      </wafer>
      <wafer>
        <waferId>A860075#22</waferId>
        <slotId>022</slotId>
      </wafer>
      <wafer>
        <waferId>A860075#23</waferId>
        <slotId>023</slotId>
      </wafer>
      <wafer>
        <waferId>A860075#24</waferId>
        <slotId>024</slotId>
      </wafer>
      <wafer>
        <waferId>A860075#25</waferId>
        <slotId>025</slotId>
      </wafer>
    </lot>
  </msgBody>
</msg>