<?xml version="1.0" encoding="GB2312"?>
<msg>
  <rvHeader>
    <source>
      <application>Y1.MES</application>
      <msgBus>MBX</msgBus>
      <domain>Y1</domain>
      <address>FWSRVdefault</address>
    </source>
    <destination>
      <application>Y1.R2R</application>
      <msgBus>TibRv</msgBus>
      <domain>Y1</domain>
      <address>YMTCQATEST.R2R.MES.&gt;</address>
    </destination>
    <replyApplication>
      <addressNo>2</addressNo>
      <address applicationName="Y1.MES" seq="1">replyBox.22731</address>
      <address applicationName="Y1.MES" seq="2">YMTCQATEST.XMLCOMMSRV_REPLY.YMTCTEST.MES_MBX_QATEST</address>
    </replyApplication>
  </rvHeader>
  <msgHeader>
    <srvAddr />
    <reqAddr>YMTCTEST.5890.UsedSettings.20180628143247463</reqAddr>
    <msgOwner />
    <srvMethod>UsedSettings</srvMethod>
    <srvId />
    <timeStamp>20180628 143247</timeStamp>
    <timeOut>0</timeOut>
    <txId>35390</txId>
    <locale>EN</locale>
    <retCode>0</retCode>
    <retMsg />
  </msgHeader>
  <msgBody>
    <eventName>JobOut</eventName>
    <fabName>Fab1</fabName>
    <eqpId>UPLITHO01</eqpId>
    <area />
    <batchId>FWADM_FP300_11943</batchId>
    <lotCnt>1</lotCnt>
    <lot>
      <lotId>A860087</lotId>
      <lotType>E1</lotType>
      <lotQty>25</lotQty>
      <motherLot>A860087</motherLot>
      <rootLotId>A860087</rootLotId>
      <area />
      <fabName>Fab1</fabName>
      <technology>24nm</technology>
      <productId>LITHOPRD.0</productId>
      <productType>Normal</productType>
      <planId>LITHO-TOP.1</planId>
      <subPlanId>LITHO-SUB01.0</subPlanId>
      <stepName>UPLITHO-01</stepName>
      <stepSequence>00008.10.00010</stepSequence>
      <stage>LITHO-L1</stage>
      <recipeId>RCP01@SCNRCP01.618AA2</recipeId>
      <layerName>618</layerName>
      <rework>Normal</rework>
      <reworkCnt>0</reworkCnt>
      <eqpId>UPLITHO01</eqpId>
      <chambers />
      <processingStatus>Active</processingStatus>
      <pilotFlag>N</pilotFlag>
      <runcardFlag>N</runcardFlag>
      <r2rMode>L2L</r2rMode>
      <reticleId>000001-00001-002</reticleId>
      <setpoints />
      <lotProcessedValues />
      <waferProcessedValues>
        <wafer>
          <waferId>A860087#01</waferId>
          <slotId>001</slotId>
          <processedChambers />
          <parameter />
        </wafer>
        <wafer>
          <waferId>A860087#02</waferId>
          <slotId>002</slotId>
          <processedChambers>UPLITHO01_C1,UPLITHO01_CH1</processedChambers>
          <parameter />
        </wafer>
        <wafer>
          <waferId>A860087#03</waferId>
          <slotId>003</slotId>
          <processedChambers />
          <parameter />
        </wafer>
        <wafer>
          <waferId>A860087#04</waferId>
          <slotId>004</slotId>
          <processedChambers />
          <parameter />
        </wafer>
        <wafer>
          <waferId>A860087#05</waferId>
          <slotId>005</slotId>
          <processedChambers />
          <parameter />
        </wafer>
        <wafer>
          <waferId>A860087#06</waferId>
          <slotId>006</slotId>
          <processedChambers />
          <parameter />
        </wafer>
        <wafer>
          <waferId>A860087#07</waferId>
          <slotId>007</slotId>
          <processedChambers />
          <parameter />
        </wafer>
        <wafer>
          <waferId>A860087#08</waferId>
          <slotId>008</slotId>
          <processedChambers />
          <parameter />
        </wafer>
        <wafer>
          <waferId>A860087#09</waferId>
          <slotId>009</slotId>
          <processedChambers />
          <parameter />
        </wafer>
        <wafer>
          <waferId>A860087#10</waferId>
          <slotId>010</slotId>
          <processedChambers />
          <parameter />
        </wafer>
        <wafer>
          <waferId>A860087#11</waferId>
          <slotId>011</slotId>
          <processedChambers />
          <parameter />
        </wafer>
        <wafer>
          <waferId>A860087#12</waferId>
          <slotId>012</slotId>
          <processedChambers />
          <parameter />
        </wafer>
        <wafer>
          <waferId>A860087#13</waferId>
          <slotId>013</slotId>
          <processedChambers />
          <parameter />
        </wafer>
        <wafer>
          <waferId>A860087#14</waferId>
          <slotId>014</slotId>
          <processedChambers />
          <parameter />
        </wafer>
        <wafer>
          <waferId>A860087#15</waferId>
          <slotId>015</slotId>
          <processedChambers />
          <parameter />
        </wafer>
        <wafer>
          <waferId>A860087#16</waferId>
          <slotId>016</slotId>
          <processedChambers />
          <parameter />
        </wafer>
        <wafer>
          <waferId>A860087#17</waferId>
          <slotId>017</slotId>
          <processedChambers />
          <parameter />
        </wafer>
        <wafer>
          <waferId>A860087#18</waferId>
          <slotId>018</slotId>
          <processedChambers />
          <parameter />
        </wafer>
        <wafer>
          <waferId>A860087#19</waferId>
          <slotId>019</slotId>
          <processedChambers />
          <parameter />
        </wafer>
        <wafer>
          <waferId>A860087#20</waferId>
          <slotId>020</slotId>
          <processedChambers />
          <parameter />
        </wafer>
        <wafer>
          <waferId>A860087#21</waferId>
          <slotId>021</slotId>
          <processedChambers />
          <parameter />
        </wafer>
        <wafer>
          <waferId>A860087#22</waferId>
          <slotId>022</slotId>
          <processedChambers />
          <parameter />
        </wafer>
        <wafer>
          <waferId>A860087#23</waferId>
          <slotId>023</slotId>
          <processedChambers />
          <parameter />
        </wafer>
        <wafer>
          <waferId>A860087#24</waferId>
          <slotId>024</slotId>
          <processedChambers />
          <parameter />
        </wafer>
        <wafer>
          <waferId>A860087#25</waferId>
          <slotId>025</slotId>
          <processedChambers />
          <parameter />
        </wafer>
      </waferProcessedValues>
    </lot>
  </msgBody>
</msg>