﻿<?xml version="1.0" encoding="utf-8"?>
<msg>
  <rvHeader>
    <source>
      <application>Y1.R2R</application>
      <msgBus>TibRv</msgBus>
      <domain>Y1</domain>
      <address>YMTCQATEST.R2R.MES.&gt;</address>
    </source>
    <destination>
      <application>Y1.MES</application>
      <msgBus>MBX</msgBus>
      <domain>Y1</domain>
      <address>FWSRVdefault</address>
    </destination>
    <replyApplication>
      <addressNo>1</addressNo>
      <address applicationName="Y1.R2R" seq="1">_INBOX.9887558C.5B17FFBD321E3C.1</address>
    </replyApplication>
  </rvHeader>
  <msgHeader>
    <srvAddr>YMTCQATEST.R2R.MES.&gt;</srvAddr>
    <reqAddr>Y1.WIN-A486VACJ1UJ.QueryLotInfo.20180720152241</reqAddr>
    <msgOwner>WIN-A486VACJ1UJ.6</msgOwner>
    <srvMethod>QueryLotInfo</srvMethod>
    <srvId>R2R</srvId>
    <timeStamp>2018-07-20 15:22:41</timeStamp>
    <timeOut>5</timeOut>
    <txId>20180720152240.992.15918026</txId>
    <locale>EN</locale>
    <retCode>0</retCode>
    <retMsg />
  </msgHeader>
  <msgBody>
    <lotId>A870132</lotId>
    <fabName>A</fabName>
  </msgBody>
</msg>