<?xml version="1.0" encoding="GB2312"?>
<msg>
  <rvHeader>
    <source>
      <application>Y1.MES</application>
      <msgBus>MBX</msgBus>
      <domain>Y1</domain>
      <address>FWSRVdefault</address>
    </source>
    <destination>
      <application>Y1.R2R</application>
      <msgBus>TibRv</msgBus>
      <domain>Y1</domain>
      <address>YMTCQATEST.R2R.MES.&gt;</address>
    </destination>
    <replyApplication>
      <addressNo>2</addressNo>
      <address applicationName="Y1.MES" seq="1">replyBox.6067</address>
      <address applicationName="Y1.MES" seq="2">YMTCQATEST.XMLCOMMSRV_REPLY.YMTCTEST.MES_MBX_QATEST</address>
    </replyApplication>
  </rvHeader>
  <msgHeader>
    <srvAddr />
    <reqAddr>YMTCTEST.5877.SendExposureContext.20180713110955733</reqAddr>
    <msgOwner />
    <srvMethod>SendExposureContext</srvMethod>
    <srvId />
    <timeStamp>20180713 110955</timeStamp>
    <timeOut>60</timeOut>
    <txId>37223</txId>
    <locale>EN</locale>
    <retCode>0</retCode>
    <retMsg />
  </msgHeader>
  <msgBody>
    <eventName>JobPrep</eventName>
    <fabName>Fab1</fabName>
    <eqpId>UMOVL01</eqpId>
    <area>AMAT</area>
    <batchId>YYDIN_UFP00_13090</batchId>
    <lotCnt>1</lotCnt>
    <lot>
      <lotId>A870167.01</lotId>
      <lotType>E1</lotType>
      <lotQty>5</lotQty>
      <motherLot>A870167</motherLot>
      <rootLotId>A870167</rootLotId>
      <area>AMAT</area>
      <fabName>Fab1</fabName>
      <technology>24nm</technology>
      <productId>LITHOPRD.0</productId>
      <productType>Normal</productType>
      <planId>LITHO-TOP.1</planId>
      <subPlanId>LITHO-SUB01.0</subPlanId>
      <metrologyStepName>UMOVL-01</metrologyStepName>
      <metrologyStepSequence>00008.10.00020</metrologyStepSequence>
      <metrologyToolName>UMOVL01</metrologyToolName>
      <stage>LITHO-L1</stage>
      <metrologyRecipeName>OVL01_618</metrologyRecipeName>
      <layerName>618</layerName>
      <rework>Normal</rework>
      <reworkCnt>0</reworkCnt>
      <processingStatus>Active</processingStatus>
      <pilotFlag>N</pilotFlag>
      <runcardFlag>N</runcardFlag>
      <r2rMode>OVL_On</r2rMode>
      <waferIds>A870167#24,A870167#25,A870167#14,A870167#17,A870167#19</waferIds>
      <slotIds>015,017,020,022,023</slotIds>
    </lot>
  </msgBody>
</msg>