<?xml version="1.0" encoding="GB2312"?>
<msg>
  <rvHeader>
    <source>
      <application>Y1.MES</application>
      <msgBus>MBX</msgBus>
      <domain>Y1</domain>
      <address>FWSRVdefault</address>
    </source>
    <destination>
      <application>Y1.R2R</application>
      <msgBus>TibRv</msgBus>
      <domain>Y1</domain>
      <address>YMTCQATEST.R2R.MES.&gt;</address>
    </destination>
    <replyApplication>
      <addressNo>2</addressNo>
      <address applicationName="Y1.MES" seq="1">replyBox.17371</address>
      <address applicationName="Y1.MES" seq="2">YMTCQATEST.XMLCOMMSRV_REPLY.YMTCQATEST.MES_MBX_QATEST</address>
    </replyApplication>
  </rvHeader>
  <msgHeader>
    <srvAddr />
    <reqAddr>YMTCQATEST.17203.SendExposureContext.20180728233405024</reqAddr>
    <msgOwner />
    <srvMethod>SendExposureContext</srvMethod>
    <srvId />
    <timeStamp>20180728 233405</timeStamp>
    <timeOut>60</timeOut>
    <txId>38484</txId>
    <locale>EN</locale>
    <retCode>0</retCode>
    <retMsg />
  </msgHeader>
  <msgBody>
    <eventName>JobPrep</eventName>
    <fabName>Fab1</fabName>
    <eqpId>UMOVL01</eqpId>
    <area>AMAT</area>
    <batchId>FWADM_FP300_14008</batchId>
    <lotCnt>2</lotCnt>
    <lot>
      <lotId>A870302.01</lotId>
      <lotType>E1</lotType>
      <lotQty>1</lotQty>
      <motherLot>A870302</motherLot>
      <rootLotId>A870302</rootLotId>
      <area>AMAT</area>
      <fabName>Fab1</fabName>
      <technology>24nm</technology>
      <productId>LITHOPRD.0</productId>
      <productType>Normal</productType>
      <planId>LITHO-TOP.1</planId>
      <subPlanId>LITHO-SUB01.0</subPlanId>
      <metrologyStepName>UMOVL-01</metrologyStepName>
      <metrologyStepSequence>00008.10.00020</metrologyStepSequence>
      <metrologyToolName>UMOVL01</metrologyToolName>
      <stage>LITHO-L1</stage>
      <metrologyRecipeName>OVL01_618</metrologyRecipeName>
      <layerName>618</layerName>
      <rework>Normal</rework>
      <reworkCnt>0</reworkCnt>
      <processingStatus>Active</processingStatus>
      <pilotFlag>N</pilotFlag>
      <runcardFlag>N</runcardFlag>
      <r2rMode>OVL_On</r2rMode>
      <waferIds>A870302#25</waferIds>
      <slotIds>025</slotIds>
    </lot>
    <lot>
      <lotId>A870302</lotId>
      <lotType>E1</lotType>
      <lotQty>24</lotQty>
      <motherLot>A870302</motherLot>
      <rootLotId>A870302</rootLotId>
      <area>AMAT</area>
      <fabName>Fab1</fabName>
      <technology>24nm</technology>
      <productId>LITHOPRD.0</productId>
      <productType>Normal</productType>
      <planId>LITHO-TOP.1</planId>
      <subPlanId>LITHO-SUB01.0</subPlanId>
      <metrologyStepName>UMOVL-01</metrologyStepName>
      <metrologyStepSequence>00008.10.00020</metrologyStepSequence>
      <metrologyToolName>UMOVL01</metrologyToolName>
      <stage>LITHO-L1</stage>
      <metrologyRecipeName>OVL01_618</metrologyRecipeName>
      <layerName>618</layerName>
      <rework>Normal</rework>
      <reworkCnt>0</reworkCnt>
      <processingStatus>Active</processingStatus>
      <pilotFlag>N</pilotFlag>
      <runcardFlag>N</runcardFlag>
      <r2rMode>OVL_On</r2rMode>
      <waferIds>A870302#01,A870302#02,A870302#03,A870302#04,A870302#05,A870302#06,A870302#07,A870302#08,A870302#09,A870302#10,A870302#11,A870302#12,A870302#13,A870302#14,A870302#15,A870302#16,A870302#17,A870302#18,A870302#19,A870302#20,A870302#21,A870302#22,A870302#23,A870302#24</waferIds>
      <slotIds>001,002,003,004,005,006,007,008,009,010,011,012,013,014,015,016,017,018,019,020,021,022,023,024</slotIds>
    </lot>
  </msgBody>
</msg>