﻿<?xml version="1.0" encoding="utf-8"?>
<msg xmlns:xsd="http://www.w3.org/2001/XMLSchema" xmlns:xsi="http://www.w3.org/2001/XMLSchema-instance">
  <rvHeader>
    <source>
      <application>Y1.MES</application>
      <msgBus>TibRv</msgBus>
      <domain>Y1</domain>
      <address>YMTCQATEST.OFF.XMLCOMMSRV.&gt;</address>
    </source>
    <destination>
      <application>Y1.R2R</application>
      <msgBus>TibRv</msgBus>
      <domain>Y1</domain>
      <address>YMTCQATEST.R2R.MES.001</address>
    </destination>
    <replyApplication>
      <addressNo>2</addressNo>
      <address applicationName="Y1.MES" seq="1">replyBox.1542</address>
      <address applicationName="Y1.MES" seq="2">_INBOX.988755FD.5B18B1F234C8.1</address>
    </replyApplication>
  </rvHeader>
  <msgHeader>
    <srvAddr>s1</srvAddr>
    <reqAddr>xxx</reqAddr>
    <msgOwner>MES</msgOwner>
    <srvMethod>CalcRecipeSettings</srvMethod>
    <srvId>WIP</srvId>
    <timeStamp>2017-12-28 10:01:59</timeStamp>
    <timeOut>30</timeOut>
    <txId>20180712161426.602.28529661</txId>
    <locale>EN</locale>
    <retCode>0</retCode>
    <retMsg />
  </msgHeader>
  <msgBody>
    <eventName>JobPrep</eventName>
    <fabName>Y1</fabName>
    <eqpId>ToolId1</eqpId>
    <area>CMP</area>
    <batchId />
    <lotCnt>1</lotCnt>
    <lot>
      <lotId>A00001.01</lotId>
      <lotType>P</lotType>
      <lotQty>20</lotQty>
      <motherLot>A00001</motherLot>
      <rootLotId>A00001</rootLotId>
      <area>CMP</area>
      <fabName>Y1</fabName>
      <technology>14</technology>
      <productId>Product1</productId>
      <productType>PROD</productType>
      <planId>Plan00-1-1</planId>
      <subPlanId>Plan00-1-1-00001</subPlanId>
      <stepName>StepName1</stepName>
      <stepSequence>StepSeq1</stepSequence>
      <stage>CMP</stage>
      <recipeId>Recipe1</recipeId>
      <layerName>Layer1</layerName>
      <rework>Normal</rework>
      <reworkCnt>0</reworkCnt>
      <eqpId>ToolId1</eqpId>
      <chambers>ToolId1P1,ToolId1P2,ToolId1P3</chambers>
      <pilotFlag>Y</pilotFlag>
      <runcardFlag>N</runcardFlag>
      <r2rMode>L2L</r2rMode>
      <reticleId />
      <waferIds>Wafer1,Wafer2,Wafer3</waferIds>
      <slotIds>01,02,03</slotIds>
      <calcValues />
    </lot>
  </msgBody>
</msg>