<?xml version="1.0" encoding="GB2312"?>
<msg>
  <rvHeader>
    <source>
      <application>Y1.MES</application>
      <msgBus>MBX</msgBus>
      <domain>Y1</domain>
      <address>FWSRVdefault</address>
    </source>
    <destination>
      <application>Y1.R2R</application>
      <msgBus>TibRv</msgBus>
      <domain>Y1</domain>
      <address>YMTCQATEST.R2R.MES.&gt;</address>
    </destination>
    <replyApplication>
      <addressNo>
      </addressNo>
    </replyApplication>
  </rvHeader>
  <msgHeader>
    <srvAddr>YMTCQATEST.R2R.MES.&gt;</srvAddr>
    <reqAddr>Y1.WIN-A486VACJ1UJ.BSReqHoldLot.20180723165204</reqAddr>
    <msgOwner>WIN-A486VACJ1UJ.7</msgOwner>
    <srvMethod>BSReqHoldLot</srvMethod>
    <srvId>R2R</srvId>
    <timeStamp>20180723 165151</timeStamp>
    <timeOut>5</timeOut>
    <txId>20180723165204.352.27264195</txId>
    <locale>EN</locale>
    <retCode>0</retCode>
    <retMsg />
  </msgHeader>
  <msgBody>
    <result>0</result>
    <errorDesc />
    <lotListNo>1</lotListNo>
    <lotList>
      <lotId>A860075</lotId>
      <result>0</result>
      <errorDesc />
    </lotList>
  </msgBody>
</msg>