<?xml version="1.0" encoding="GB2312"?>
<msg>
  <rvHeader>
    <source>
      <application>Y1.MES</application>
      <msgBus>MBX</msgBus>
      <domain>Y1</domain>
      <address>FWSRVdefault</address>
    </source>
    <destination>
      <application>Y1.R2R</application>
      <msgBus>TibRv</msgBus>
      <domain>Y1</domain>
      <address>YMTCTEST.R2R.MES.&gt;</address>
    </destination>
    <replyApplication>
      <addressNo>2</addressNo>
      <address applicationName="Y1.MES" seq="1">replyBox.17911</address>
      <address applicationName="B2-MES" seq="2">YMTCTEST.XMLCOMMSRV_REPLY.YMTCTEST.MES_MBX_TEST</address>
    </replyApplication>
  </rvHeader>
  <msgHeader>
    <srvAddr />
    <reqAddr>YMTCTEST.18377.CalcRecipeSettings.20180623122615095</reqAddr>
    <msgOwner />
    <srvMethod>CalcRecipeSettings</srvMethod>
    <srvId />
    <timeStamp>20180623 122615</timeStamp>
    <timeOut>60</timeOut>
    <txId>34962</txId>
    <locale>EN</locale>
    <retCode>0</retCode>
    <retMsg />
  </msgHeader>
  <msgBody>
    <eventName>JobPrep</eventName>
    <fabName>Fab1</fabName>
    <eqpId>UPLITHO02</eqpId>
    <area />
    <batchId>FWADM_FP300_11241</batchId>
    <lotCnt>1</lotCnt>
    <lot>
      <lotId>A860036</lotId>
      <lotType>E1</lotType>
      <lotQty>25</lotQty>
      <motherLot>A860036</motherLot>
      <rootLotId>A860036</rootLotId>
      <area />
      <fabName>Fab1</fabName>
      <technology>24nm</technology>
      <productId>LITHOPRD.0</productId>
      <productType>Normal</productType>
      <planId>LITHO-TOP.1</planId>
      <subPlanId>LITHO-RWK.0</subPlanId>
      <stepName>UPLITHO-RWK</stepName>
      <stepSequence>00035.10.00060</stepSequence>
      <stage>LITHO-RWK</stage>
      <recipeId>RCP02@SCNRCP01.618AA2</recipeId>
      <layerName>618</layerName>
      <rework>Rework</rework>
      <reworkCnt>0</reworkCnt>
      <eqpId>UPLITHO02</eqpId>
      <chambers />
      <processingStatus>Active</processingStatus>
      <pilotFlag>N</pilotFlag>
      <runcardFlag>N</runcardFlag>
      <r2rMode>L2L</r2rMode>
      <reticleId>000001-00001-001</reticleId>
      <waferIds>A860036#01,A860036#02,A860036#03,A860036#04,A860036#05,A860036#06,A860036#07,A860036#08,A860036#09,A860036#10,A860036#11,A860036#12,A860036#13,A860036#14,A860036#15,A860036#16,A860036#17,A860036#18,A860036#19,A860036#20,A860036#21,A860036#22,A860036#23,A860036#24,A860036#25</waferIds>
      <slotIds>001,002,003,004,005,006,007,008,009,010,011,012,013,014,015,016,017,018,019,020,021,022,023,024,025</slotIds>
      <calcValues>
        <parameter>
          <paraName>A1</paraName>
          <paraValue>1.1</paraValue>
        </parameter>
        <parameter>
          <paraName>A2</paraName>
          <paraValue>2.2</paraValue>
        </parameter>
        <parameter>
          <paraName>A3</paraName>
          <paraValue>2.3</paraValue>
        </parameter>
        <parameter>
          <paraName>A4</paraName>
          <paraValue>2.4</paraValue>
        </parameter>
        <parameter>
          <paraName>A5</paraName>
          <paraValue>2.5</paraValue>
        </parameter>
        <parameter>
          <paraName>A6</paraName>
          <paraValue>6</paraValue>
        </parameter>
      </calcValues>
    </lot>
  </msgBody>
</msg>