﻿<?xml version="1.0" encoding="utf-8"?>
<msg xmlns:xsd="http://www.w3.org/2001/XMLSchema" xmlns:xsi="http://www.w3.org/2001/XMLSchema-instance">
  <rvHeader>
    <source>
      <application>Y1.MES</application>
      <msgBus>MBX</msgBus>
      <domain>Y1</domain>
      <address>YMTCTEST.OFF.XMLCOMMSRV.&gt;</address>
    </source>
    <destination>
      <application>Y1.R2R</application>
      <msgBus>TibRv</msgBus>
      <domain>Y1</domain>
      <address>YMTCTEST.R2R.MES.001</address>
    </destination>
    <replyApplication>
      <addressNo>3</addressNo>
      <address applicationName="Y1.MES" seq="1">replyBox.8777</address>
      <address applicationName="B2-MES" seq="2">YMTCTEST.XMLCOMMSRV_REPLY.YMTCTEST.MES_MBX_TEST</address>
      <address applicationName="Y1.MES" seq="3">_INBOX.988755FD.5B18B1F234A1.1</address>
    </replyApplication>
  </rvHeader>
  <msgHeader>
    <srvAddr />
    <reqAddr>YMTCTEST.9663.UsedSettings.20180621202948091</reqAddr>
    <msgOwner />
    <srvMethod>UsedSettings</srvMethod>
    <srvId />
    <timeStamp>20180621 202948</timeStamp>
    <timeOut>30</timeOut>
    <txId>20180623225342.790.42700592</txId>
    <locale>EN</locale>
    <retCode>0</retCode>
    <retMsg />
  </msgHeader>
  <msgBody>
    <eventName>JobOut</eventName>
    <fabName>Fab1</fabName>
    <eqpId>UPLITHO01</eqpId>
    <area />
    <batchId>FWADM_FP300_10822</batchId>
    <lotCnt>1</lotCnt>
    <lot>
      <lotId>A860019</lotId>
      <lotType>E1</lotType>
      <lotQty>25</lotQty>
      <motherLot>A860019</motherLot>
      <rootLotId>A860019</rootLotId>
      <area />
      <fabName>Fab1</fabName>
      <technology>24nm</technology>
      <productId />
      <productType>Normal</productType>
      <planId>LITHO-TOP.1</planId>
      <subPlanId>LITHO-SUB01.0</subPlanId>
      <stepName>UPLITHO-01</stepName>
      <stepSequence>00008.10.00010</stepSequence>
      <stage>LITHO-L1</stage>
      <recipeId>RCP01@SCNRCP01.618AA2</recipeId>
      <layerName>618</layerName>
      <rework>Normal</rework>
      <reworkCnt>0</reworkCnt>
      <eqpId>UPLITHO01</eqpId>
      <processingStatus>Active</processingStatus>
      <pilotFlag>N</pilotFlag>
      <runcardFlag>N</runcardFlag>
      <r2rMode>L2L</r2rMode>
      <reticleId>000001-00001-002</reticleId>
      <setpoints>
        <parameter>
          <paraName>Energy</paraName>
          <paraValue>60</paraValue>
        </parameter>
        <parameter>
          <paraName>Focus</paraName>
          <paraValue>60</paraValue>
        </parameter>
        <parameter>
          <paraName>ASYM_MAG_C1</paraName>
          <paraValue>60</paraValue>
        </parameter>
        <parameter>
          <paraName>ASYM_MAG_C2</paraName>
          <paraValue>60</paraValue>
        </parameter>
        <parameter>
          <paraName>ASYM_ROT_C1</paraName>
          <paraValue>60</paraValue>
        </parameter>
        <parameter>
          <paraName>ASYM_ROT_C2</paraName>
          <paraValue>60</paraValue>
        </parameter>
        <parameter>
          <paraName>EXP_X_C1</paraName>
          <paraValue>60</paraValue>
        </parameter>
        <parameter>
          <paraName>EXP_X_C2</paraName>
          <paraValue>60</paraValue>
        </parameter>
        <parameter>
          <paraName>EXP_Y_C1</paraName>
          <paraValue>60</paraValue>
        </parameter>
        <parameter>
          <paraName>EXP_Y_C2</paraName>
          <paraValue>60</paraValue>
        </parameter>
        <parameter>
          <paraName>NON_ORT_C1</paraName>
          <paraValue>60</paraValue>
        </parameter>
        <parameter>
          <paraName>NON_ORT_C2</paraName>
          <paraValue>60</paraValue>
        </parameter>
        <parameter>
          <paraName>SHT_MAG_C1</paraName>
          <paraValue>60</paraValue>
        </parameter>
        <parameter>
          <paraName>SHT_MAG_C2</paraName>
          <paraValue>60</paraValue>
        </parameter>
        <parameter>
          <paraName>SHT_ROT_C1</paraName>
          <paraValue>60</paraValue>
        </parameter>
        <parameter>
          <paraName>SHT_ROT_C2</paraName>
          <paraValue>60</paraValue>
        </parameter>
        <parameter>
          <paraName>TRANS_X_C1</paraName>
          <paraValue>60</paraValue>
        </parameter>
        <parameter>
          <paraName>TRANS_X_C2</paraName>
          <paraValue>60</paraValue>
        </parameter>
        <parameter>
          <paraName>TRANS_Y_C1</paraName>
          <paraValue>60</paraValue>
        </parameter>
        <parameter>
          <paraName>TRANS_Y_C2</paraName>
          <paraValue>60</paraValue>
        </parameter>
        <parameter>
          <paraName>WFR_ROT_C1</paraName>
          <paraValue>60</paraValue>
        </parameter>
        <parameter>
          <paraName>WFR_ROT_C2</paraName>
          <paraValue>60</paraValue>
        </parameter>
      </setpoints>
      <lotProcessedValues>
        <parameter>
          <paraName>Energy</paraName>
          <paraValue>60</paraValue>
        </parameter>
        <parameter>
          <paraName>Focus</paraName>
          <paraValue>0.3</paraValue>
        </parameter>
        <parameter>
          <paraName>ASYM_MAG_C1</paraName>
          <paraValue>1</paraValue>
        </parameter>
        <parameter>
          <paraName>ASYM_MAG_C2</paraName>
          <paraValue>11</paraValue>
        </parameter>
        <parameter>
          <paraName>ASYM_ROT_C1</paraName>
          <paraValue>2</paraValue>
        </parameter>
        <parameter>
          <paraName>ASYM_ROT_C2</paraName>
          <paraValue>12</paraValue>
        </parameter>
        <parameter>
          <paraName>EXP_X_C1</paraName>
          <paraValue>3</paraValue>
        </parameter>
        <parameter>
          <paraName>EXP_X_C2</paraName>
          <paraValue>13</paraValue>
        </parameter>
        <parameter>
          <paraName>EXP_Y_C1</paraName>
          <paraValue>4</paraValue>
        </parameter>
        <parameter>
          <paraName>EXP_Y_C2</paraName>
          <paraValue>14</paraValue>
        </parameter>
        <parameter>
          <paraName>NON_ORT_C1</paraName>
          <paraValue>5</paraValue>
        </parameter>
        <parameter>
          <paraName>NON_ORT_C2</paraName>
          <paraValue>15</paraValue>
        </parameter>
        <parameter>
          <paraName>SHT_MAG_C1</paraName>
          <paraValue>6</paraValue>
        </parameter>
        <parameter>
          <paraName>SHT_MAG_C2</paraName>
          <paraValue>16</paraValue>
        </parameter>
        <parameter>
          <paraName>SHT_ROT_C1</paraName>
          <paraValue>7</paraValue>
        </parameter>
        <parameter>
          <paraName>SHT_ROT_C2</paraName>
          <paraValue>17</paraValue>
        </parameter>
        <parameter>
          <paraName>TRANS_X_C1</paraName>
          <paraValue>8</paraValue>
        </parameter>
        <parameter>
          <paraName>TRANS_X_C2</paraName>
          <paraValue>18</paraValue>
        </parameter>
        <parameter>
          <paraName>TRANS_Y_C1</paraName>
          <paraValue>9</paraValue>
        </parameter>
        <parameter>
          <paraName>TRANS_Y_C2</paraName>
          <paraValue>19</paraValue>
        </parameter>
        <parameter>
          <paraName>WFR_ROT_C1</paraName>
          <paraValue>10</paraValue>
        </parameter>
        <parameter>
          <paraName>WFR_ROT_C2</paraName>
          <paraValue>20</paraValue>
        </parameter>
      </lotProcessedValues>
      <waferProcessedValues>
        <wafer>
          <waferId>A860019#01</waferId>
          <slotId>001</slotId>
          <processedChambers />
          <parameter />
        </wafer>
        <wafer>
          <waferId>A860019#02</waferId>
          <slotId>002</slotId>
          <processedChambers />
          <parameter />
        </wafer>
        <wafer>
          <waferId>A860019#03</waferId>
          <slotId>003</slotId>
          <processedChambers />
          <parameter />
        </wafer>
        <wafer>
          <waferId>A860019#04</waferId>
          <slotId>004</slotId>
          <processedChambers />
          <parameter />
        </wafer>
        <wafer>
          <waferId>A860019#05</waferId>
          <slotId>005</slotId>
          <processedChambers />
          <parameter />
        </wafer>
        <wafer>
          <waferId>A860019#06</waferId>
          <slotId>006</slotId>
          <processedChambers />
          <parameter />
        </wafer>
        <wafer>
          <waferId>A860019#07</waferId>
          <slotId>007</slotId>
          <processedChambers />
          <parameter />
        </wafer>
        <wafer>
          <waferId>A860019#08</waferId>
          <slotId>008</slotId>
          <processedChambers />
          <parameter />
        </wafer>
        <wafer>
          <waferId>A860019#09</waferId>
          <slotId>009</slotId>
          <processedChambers />
          <parameter />
        </wafer>
        <wafer>
          <waferId>A860019#10</waferId>
          <slotId>010</slotId>
          <processedChambers />
          <parameter />
        </wafer>
        <wafer>
          <waferId>A860019#11</waferId>
          <slotId>011</slotId>
          <processedChambers />
          <parameter />
        </wafer>
        <wafer>
          <waferId>A860019#12</waferId>
          <slotId>012</slotId>
          <processedChambers />
          <parameter />
        </wafer>
        <wafer>
          <waferId>A860019#13</waferId>
          <slotId>013</slotId>
          <processedChambers />
          <parameter />
        </wafer>
        <wafer>
          <waferId>A860019#14</waferId>
          <slotId>014</slotId>
          <processedChambers />
          <parameter />
        </wafer>
        <wafer>
          <waferId>A860019#15</waferId>
          <slotId>015</slotId>
          <processedChambers />
          <parameter />
        </wafer>
        <wafer>
          <waferId>A860019#16</waferId>
          <slotId>016</slotId>
          <processedChambers />
          <parameter />
        </wafer>
        <wafer>
          <waferId>A860019#17</waferId>
          <slotId>017</slotId>
          <processedChambers />
          <parameter />
        </wafer>
        <wafer>
          <waferId>A860019#18</waferId>
          <slotId>018</slotId>
          <processedChambers />
          <parameter />
        </wafer>
        <wafer>
          <waferId>A860019#19</waferId>
          <slotId>019</slotId>
          <processedChambers />
          <parameter />
        </wafer>
        <wafer>
          <waferId>A860019#20</waferId>
          <slotId>020</slotId>
          <processedChambers />
          <parameter />
        </wafer>
        <wafer>
          <waferId>A860019#21</waferId>
          <slotId>021</slotId>
          <processedChambers />
          <parameter />
        </wafer>
        <wafer>
          <waferId>A860019#22</waferId>
          <slotId>022</slotId>
          <processedChambers />
          <parameter />
        </wafer>
        <wafer>
          <waferId>A860019#23</waferId>
          <slotId>023</slotId>
          <processedChambers />
          <parameter />
        </wafer>
        <wafer>
          <waferId>A860019#24</waferId>
          <slotId>024</slotId>
          <processedChambers />
          <parameter />
        </wafer>
        <wafer>
          <waferId>A860019#25</waferId>
          <slotId>025</slotId>
          <processedChambers />
          <parameter />
        </wafer>
      </waferProcessedValues>
    </lot>
  </msgBody>
</msg>