<?xml version="1.0" encoding="GB2312"?>
<msg>
  <rvHeader>
    <source>
      <application>Y1.MES</application>
      <msgBus>MBX</msgBus>
      <domain>Y1</domain>
      <address>FWSRVdefault</address>
    </source>
    <destination>
      <application>Y1.R2R</application>
      <msgBus>TibRv</msgBus>
      <domain>Y1</domain>
      <address>YMTCTEST.R2R.MES.&gt;</address>
    </destination>
    <replyApplication>
      <addressNo>
      </addressNo>
    </replyApplication>
  </rvHeader>
  <msgHeader>
    <srvAddr>YMTCTEST.R2R.MES.&gt;</srvAddr>
    <reqAddr>Y1.WIN-A486VACJ1UJ.QueryLotInfo.20180623115558</reqAddr>
    <msgOwner>WIN-A486VACJ1UJ.7</msgOwner>
    <srvMethod>LotQueryInfo</srvMethod>
    <srvId>R2R</srvId>
    <timeStamp>20180623 115637</timeStamp>
    <timeOut>30</timeOut>
    <txId>20180623115558.452.24926694</txId>
    <locale>EN</locale>
    <retCode>0</retCode>
    <retMsg />
  </msgHeader>
  <msgBody>
    <retCode>0</retCode>
    <retMessage />
    <lot>
      <lotId>A860030</lotId>
      <lotType>E1</lotType>
      <lotQty>25</lotQty>
      <motherLot>A860030</motherLot>
      <rootLotId>A860030</rootLotId>
      <area />
      <fabName>Fab1</fabName>
      <technology>24nm</technology>
      <productId>LITHOPRD.0</productId>
      <productType>Normal</productType>
      <planId>LITHO-TOP.1</planId>
      <subPlanId />
      <stepName>UPLITHO-RWK</stepName>
      <stepSequence>00060</stepSequence>
      <stage>LITHO-L1</stage>
      <recipeId>RCP01@SCNRCP02</recipeId>
      <layerName />
      <rework />
      <reworkCnt>0</reworkCnt>
      <processingStatus>Active</processingStatus>
      <pilotFlag>N</pilotFlag>
      <runcardFlag>N</runcardFlag>
      <wafer>
        <waferId>A860030#01</waferId>
        <slotId>001</slotId>
      </wafer>
      <wafer>
        <waferId>A860030#02</waferId>
        <slotId>002</slotId>
      </wafer>
      <wafer>
        <waferId>A860030#03</waferId>
        <slotId>003</slotId>
      </wafer>
      <wafer>
        <waferId>A860030#04</waferId>
        <slotId>004</slotId>
      </wafer>
      <wafer>
        <waferId>A860030#05</waferId>
        <slotId>005</slotId>
      </wafer>
      <wafer>
        <waferId>A860030#06</waferId>
        <slotId>006</slotId>
      </wafer>
      <wafer>
        <waferId>A860030#07</waferId>
        <slotId>007</slotId>
      </wafer>
      <wafer>
        <waferId>A860030#08</waferId>
        <slotId>008</slotId>
      </wafer>
      <wafer>
        <waferId>A860030#09</waferId>
        <slotId>009</slotId>
      </wafer>
      <wafer>
        <waferId>A860030#10</waferId>
        <slotId>010</slotId>
      </wafer>
      <wafer>
        <waferId>A860030#11</waferId>
        <slotId>011</slotId>
      </wafer>
      <wafer>
        <waferId>A860030#12</waferId>
        <slotId>012</slotId>
      </wafer>
      <wafer>
        <waferId>A860030#13</waferId>
        <slotId>013</slotId>
      </wafer>
      <wafer>
        <waferId>A860030#14</waferId>
        <slotId>014</slotId>
      </wafer>
      <wafer>
        <waferId>A860030#15</waferId>
        <slotId>015</slotId>
      </wafer>
      <wafer>
        <waferId>A860030#16</waferId>
        <slotId>016</slotId>
      </wafer>
      <wafer>
        <waferId>A860030#17</waferId>
        <slotId>017</slotId>
      </wafer>
      <wafer>
        <waferId>A860030#18</waferId>
        <slotId>018</slotId>
      </wafer>
      <wafer>
        <waferId>A860030#19</waferId>
        <slotId>019</slotId>
      </wafer>
      <wafer>
        <waferId>A860030#20</waferId>
        <slotId>020</slotId>
      </wafer>
      <wafer>
        <waferId>A860030#21</waferId>
        <slotId>021</slotId>
      </wafer>
      <wafer>
        <waferId>A860030#22</waferId>
        <slotId>022</slotId>
      </wafer>
      <wafer>
        <waferId>A860030#23</waferId>
        <slotId>023</slotId>
      </wafer>
      <wafer>
        <waferId>A860030#24</waferId>
        <slotId>024</slotId>
      </wafer>
      <wafer>
        <waferId>A860030#25</waferId>
        <slotId>025</slotId>
      </wafer>
    </lot>
  </msgBody>
</msg>