<?xml version="1.0" encoding="GB2312"?>
<msg>
  <rvHeader>
    <source>
      <application>Y1.MES</application>
      <msgBus>MBX</msgBus>
      <domain>Y1</domain>
      <address>FWSRVdefault</address>
    </source>
    <destination>
      <application>Y1.R2R</application>
      <msgBus>TibRv</msgBus>
      <domain>Y1</domain>
      <address>YMTCTEST.R2R.MES.&gt;</address>
    </destination>
    <replyApplication>
      <addressNo>
      </addressNo>
    </replyApplication>
  </rvHeader>
  <msgHeader>
    <srvAddr>YMTCTEST.R2R.MES.&gt;</srvAddr>
    <reqAddr>Y1.WIN-A486VACJ1UJ.QueryLotInfo.20180623121810</reqAddr>
    <msgOwner>WIN-A486VACJ1UJ.7</msgOwner>
    <srvMethod>LotQueryInfo</srvMethod>
    <srvId>R2R</srvId>
    <timeStamp>20180623 121849</timeStamp>
    <timeOut>30</timeOut>
    <txId>20180623121810.737.29447331</txId>
    <locale>EN</locale>
    <retCode>0</retCode>
    <retMsg />
  </msgHeader>
  <msgBody>
    <retCode>0</retCode>
    <retMessage />
    <lot>
      <lotId>A850465</lotId>
      <lotType>M</lotType>
      <lotQty>25</lotQty>
      <motherLot>A850465</motherLot>
      <rootLotId>A850465</rootLotId>
      <area />
      <fabName>Fab1</fabName>
      <technology>28nm</technology>
      <productId>0525TEST.0</productId>
      <productType>Normal</productType>
      <planId>0525TEST_TOP.0</planId>
      <subPlanId>0525TEST_SUB.0</subPlanId>
      <stepName>0525TEST03</stepName>
      <stepSequence>10.10.30</stepSequence>
      <stage />
      <recipeId>0525</recipeId>
      <layerName />
      <rework>Normal</rework>
      <reworkCnt>0</reworkCnt>
      <processingStatus>Active</processingStatus>
      <pilotFlag>N</pilotFlag>
      <runcardFlag>N</runcardFlag>
      <wafer>
        <waferId>A850465#01</waferId>
        <slotId>001</slotId>
      </wafer>
      <wafer>
        <waferId>A850465#02</waferId>
        <slotId>002</slotId>
      </wafer>
      <wafer>
        <waferId>A850465#03</waferId>
        <slotId>003</slotId>
      </wafer>
      <wafer>
        <waferId>A850465#04</waferId>
        <slotId>004</slotId>
      </wafer>
      <wafer>
        <waferId>A850465#05</waferId>
        <slotId>005</slotId>
      </wafer>
      <wafer>
        <waferId>A850465#06</waferId>
        <slotId>006</slotId>
      </wafer>
      <wafer>
        <waferId>A850465#07</waferId>
        <slotId>007</slotId>
      </wafer>
      <wafer>
        <waferId>A850465#08</waferId>
        <slotId>008</slotId>
      </wafer>
      <wafer>
        <waferId>A850465#09</waferId>
        <slotId>009</slotId>
      </wafer>
      <wafer>
        <waferId>A850465#10</waferId>
        <slotId>010</slotId>
      </wafer>
      <wafer>
        <waferId>A850465#11</waferId>
        <slotId>011</slotId>
      </wafer>
      <wafer>
        <waferId>A850465#12</waferId>
        <slotId>012</slotId>
      </wafer>
      <wafer>
        <waferId>A850465#13</waferId>
        <slotId>013</slotId>
      </wafer>
      <wafer>
        <waferId>A850465#14</waferId>
        <slotId>014</slotId>
      </wafer>
      <wafer>
        <waferId>A850465#15</waferId>
        <slotId>015</slotId>
      </wafer>
      <wafer>
        <waferId>A850465#16</waferId>
        <slotId>016</slotId>
      </wafer>
      <wafer>
        <waferId>A850465#17</waferId>
        <slotId>017</slotId>
      </wafer>
      <wafer>
        <waferId>A850465#18</waferId>
        <slotId>018</slotId>
      </wafer>
      <wafer>
        <waferId>A850465#19</waferId>
        <slotId>019</slotId>
      </wafer>
      <wafer>
        <waferId>A850465#20</waferId>
        <slotId>020</slotId>
      </wafer>
      <wafer>
        <waferId>A850465#21</waferId>
        <slotId>021</slotId>
      </wafer>
      <wafer>
        <waferId>A850465#22</waferId>
        <slotId>022</slotId>
      </wafer>
      <wafer>
        <waferId>A850465#23</waferId>
        <slotId>023</slotId>
      </wafer>
      <wafer>
        <waferId>A850465#24</waferId>
        <slotId>024</slotId>
      </wafer>
      <wafer>
        <waferId>A850465#25</waferId>
        <slotId>025</slotId>
      </wafer>
    </lot>
  </msgBody>
</msg>