<?xml version="1.0" encoding="GB2312"?>
<msg>
  <rvHeader>
    <source>
      <application>Y1.MES</application>
      <msgBus>MBX</msgBus>
      <domain>Y1</domain>
      <address>FWSRVdefault</address>
    </source>
    <destination>
      <application>Y1.R2R</application>
      <msgBus>TibRv</msgBus>
      <domain>Y1</domain>
      <address>YMTCQATEST.R2R.MES.&gt;</address>
    </destination>
    <replyApplication>
      <addressNo>2</addressNo>
      <address applicationName="Y1.MES" seq="1">replyBox.7249</address>
      <address applicationName="B2-MES" seq="2">YMTCQATEST.XMLCOMMSRV_REPLY.YMTCTEST.MES_MBX_QATEST</address>
    </replyApplication>
  </rvHeader>
  <msgHeader>
    <srvAddr />
    <reqAddr>YMTCTEST.9431.SendExposureContext.20180627140934614</reqAddr>
    <msgOwner />
    <srvMethod>SendExposureContext</srvMethod>
    <srvId />
    <timeStamp>20180627 140934</timeStamp>
    <timeOut>60</timeOut>
    <txId>35306</txId>
    <locale>EN</locale>
    <retCode>0</retCode>
    <retMsg />
  </msgHeader>
  <msgBody>
    <eventName>JobPrep</eventName>
    <fabName>Fab1</fabName>
    <eqpId>UMOVL01</eqpId>
    <area>AMAT</area>
    <batchId>FWADM_FP300_11843</batchId>
    <lotCnt>1</lotCnt>
    <lot>
      <lotId>A860077</lotId>
      <lotType>E1</lotType>
      <lotQty>25</lotQty>
      <motherLot>A860077</motherLot>
      <rootLotId>A860077</rootLotId>
      <area>AMAT</area>
      <fabName>Fab1</fabName>
      <technology>24nm</technology>
      <productId>LITHOPRD.0</productId>
      <productType>Normal</productType>
      <planId>LITHO-TOP.1</planId>
      <subPlanId>LITHO-SUB01.0</subPlanId>
      <metrologyStepName>UMOVL-01</metrologyStepName>
      <metrologyStepSequence>00008.10.00020</metrologyStepSequence>
      <metrologyToolName>UMOVL01</metrologyToolName>
      <stage>LITHO-L1</stage>
      <metrologyRecipeName>OVL01_618</metrologyRecipeName>
      <layerName>618</layerName>
      <rework>Normal</rework>
      <reworkCnt>0</reworkCnt>
      <processingStatus>Active</processingStatus>
      <pilotFlag>N</pilotFlag>
      <runcardFlag>N</runcardFlag>
      <r2rMode>OVL_On</r2rMode>
      <waferIds>A860077#01,A860077#02,A860077#03,A860077#04,A860077#05,A860077#06,A860077#07,A860077#08,A860077#09,A860077#10,A860077#11,A860077#12,A860077#13,A860077#14,A860077#15,A860077#16,A860077#17,A860077#18,A860077#19,A860077#20,A860077#21,A860077#22,A860077#23,A860077#24,A860077#25</waferIds>
      <slotIds>001,002,003,004,005,006,007,008,009,010,011,012,013,014,015,016,017,018,019,020,021,022,023,024,025</slotIds>
    </lot>
  </msgBody>
</msg>