<?xml version="1.0" encoding="GB2312"?>
<msg>
  <rvHeader>
    <source>
      <application>Y1.MES</application>
      <msgBus>MBX</msgBus>
      <domain>Y1</domain>
      <address>FWSRVdefault</address>
    </source>
    <destination>
      <application>Y1.R2R</application>
      <msgBus>TibRv</msgBus>
      <domain>Y1</domain>
      <address>YMTCQATEST.R2R.MES.&gt;</address>
    </destination>
    <replyApplication>
      <addressNo>2</addressNo>
      <address applicationName="Y1.MES" seq="1">replyBox.12503</address>
      <address applicationName="Y1.MES" seq="2">YMTCQATEST.XMLCOMMSRV_REPLY.YMTCTEST.MES_MBX_QATEST</address>
    </replyApplication>
  </rvHeader>
  <msgHeader>
    <srvAddr />
    <reqAddr>YMTCTEST.12435.Metrology.20180704105549047</reqAddr>
    <msgOwner />
    <srvMethod>Metrology</srvMethod>
    <srvId />
    <timeStamp>20180704 105549</timeStamp>
    <timeOut>0</timeOut>
    <txId>35885</txId>
    <locale>EN</locale>
    <retCode>0</retCode>
    <retMsg />
  </msgHeader>
  <msgBody>
    <eventName>Metrology</eventName>
    <fabName>FabA</fabName>
    <eqpId>UMOVL03</eqpId>
    <area>AMAT</area>
    <batchId />
    <lotCnt>1</lotCnt>
    <lot>
      <lotId>A870112</lotId>
      <lotType>E1</lotType>
      <lotQty>25</lotQty>
      <motherLot>A870112</motherLot>
      <rootLotId>A870112</rootLotId>
      <area>AMAT</area>
      <fabName>FabA</fabName>
      <technology>24nm</technology>
      <productId>LITHOPRD.0</productId>
      <productType>Production</productType>
      <planId>LITHO-TOP.1</planId>
      <subPlanId>LITHO-SUB03.0</subPlanId>
      <metrologyStepName>UMOVL-03</metrologyStepName>
      <metrologyStepSequence>00095.10.00110</metrologyStepSequence>
      <stage>LITHO-L3</stage>
      <metrololgyRecipeName>OVL03_637</metrololgyRecipeName>
      <metrologyLayerName>637</metrologyLayerName>
      <rework>Normal</rework>
      <reworkCnt>0</reworkCnt>
      <metrologyToolName>UMOVL03</metrologyToolName>
      <processingStatus>WaitingForUI</processingStatus>
      <pilotFlag>N</pilotFlag>
      <runcardFlag>N</runcardFlag>
      <r2rMode>OVL_ON</r2rMode>
      <waferIds>A870112#23,A870112#03</waferIds>
      <slotIds>23</slotIds>
      <wafer>
        <waferId>A870112#23</waferId>
        <parameter>
          <name>OVLMEA03</name>
          <target>20</target>
          <upperSpecLimit>30</upperSpecLimit>
          <lowerSpecLimit>10</lowerSpecLimit>
          <site>
            <index>1</index>
            <value>11</value>
            <oos>N</oos>
          </site>
          <site>
            <index>2</index>
            <value>11</value>
            <oos>N</oos>
          </site>
          <site>
            <index>3</index>
            <value>11</value>
            <oos>N</oos>
          </site>
        </parameter>
      </wafer>
      <wafer>
        <waferId>A870112#03</waferId>
        <parameter>
          <name>OVLMEA03</name>
          <target>20</target>
          <upperSpecLimit>30</upperSpecLimit>
          <lowerSpecLimit>10</lowerSpecLimit>
          <site>
            <index>1</index>
            <value>12</value>
            <oos>N</oos>
          </site>
          <site>
            <index>2</index>
            <value>12</value>
            <oos>N</oos>
          </site>
          <site>
            <index>3</index>
            <value>12</value>
            <oos>N</oos>
          </site>
        </parameter>
      </wafer>
    </lot>
  </msgBody>
</msg>