﻿<?xml version="1.0" encoding="utf-8"?>
<msg xmlns:xsd="http://www.w3.org/2001/XMLSchema" xmlns:xsi="http://www.w3.org/2001/XMLSchema-instance">
  <rvHeader>
    <source>
      <application>Y1.MES</application>
      <msgBus>TibRv</msgBus>
      <domain>Y1</domain>
      <address>YMTCQATEST.OFF.XMLCOMMSRV.&gt;</address>
    </source>
    <destination>
      <application>Y1.R2R</application>
      <msgBus>TibRv</msgBus>
      <domain>Y1</domain>
      <address>YMTCQATEST.R2R.MES.001</address>
    </destination>
    <replyApplication />
  </rvHeader>
  <msgHeader>
    <srvAddr>s1</srvAddr>
    <reqAddr>xxx</reqAddr>
    <msgOwner>MES</msgOwner>
    <srvMethod>Metrology</srvMethod>
    <srvId />
    <timeStamp>2017-12-28 10:01:59</timeStamp>
    <timeOut>30</timeOut>
    <txId>20180704152645.085.20839390</txId>
    <locale>EN</locale>
    <retCode>0</retCode>
    <retMsg />
  </msgHeader>
  <msgBody>
    <eventName />
    <fabName>Y1</fabName>
    <eqpId>UMOVL01</eqpId>
    <area>PH</area>
    <batchId>PH</batchId>
    <lotCnt>1</lotCnt>
    <lot>
      <lotId>A860023</lotId>
      <lotType>P</lotType>
      <lotQty>20</lotQty>
      <rootLotId>A860023</rootLotId>
      <area>PH</area>
      <fabName>Y1</fabName>
      <productId>LITHOPRD.0</productId>
      <productType>Normal</productType>
      <planId>LITHO-TOP.0</planId>
      <subPlanId>LITHO-SUB01.0</subPlanId>
      <stage>PH</stage>
      <rework>Normal</rework>
      <reworkCnt>0</reworkCnt>
      <metrologyLayerName>208</metrologyLayerName>
      <metrologyStepName>UCEBA</metrologyStepName>
      <metrologyStepSequence>200100</metrologyStepSequence>
      <metrologyRecipeName>PH_EDCPLANP1-THK-001</metrologyRecipeName>
      <metrologyToolName>UMOVL01</metrologyToolName>
      <processingStatus>Wait</processingStatus>
      <pilotFlag>Y</pilotFlag>
      <runcardFlag>N</runcardFlag>
      <r2rMode>On</r2rMode>
      <waferIds>A860023#01,A860023#02</waferIds>
      <slotIds>001,002</slotIds>
      <wafer>
        <waferId>A860023#01</waferId>
        <parameter>
          <name>K20</name>
          <target>20</target>
          <upperSpecLimit />
          <lowerSpecLimit />
          <site>
            <index>1</index>
            <value>0.0034</value>
            <oos>N</oos>
          </site>
        </parameter>
        <parameter>
          <name>K19</name>
          <target>20</target>
          <upperSpecLimit />
          <lowerSpecLimit />
          <site>
            <index>1</index>
            <value>0.0034</value>
            <oos>N</oos>
          </site>
        </parameter>
        <parameter>
          <name>K18</name>
          <target>20</target>
          <upperSpecLimit />
          <lowerSpecLimit />
          <site>
            <index>1</index>
            <value>0.0034</value>
            <oos>N</oos>
          </site>
        </parameter>
        <parameter>
          <name>K17</name>
          <target>20</target>
          <upperSpecLimit />
          <lowerSpecLimit />
          <site>
            <index>1</index>
            <value>0.0034</value>
            <oos>N</oos>
          </site>
        </parameter>
        <parameter>
          <name>K16</name>
          <target>20</target>
          <upperSpecLimit />
          <lowerSpecLimit />
          <site>
            <index>1</index>
            <value>0.0034</value>
            <oos>N</oos>
          </site>
        </parameter>
        <parameter>
          <name>K15</name>
          <target>20</target>
          <upperSpecLimit />
          <lowerSpecLimit />
          <site>
            <index>1</index>
            <value>0.0034</value>
            <oos>N</oos>
          </site>
        </parameter>
        <parameter>
          <name>K14</name>
          <target>20</target>
          <upperSpecLimit />
          <lowerSpecLimit />
          <site>
            <index>1</index>
            <value>0.0034</value>
            <oos>N</oos>
          </site>
        </parameter>
        <parameter>
          <name>K13</name>
          <target>20</target>
          <upperSpecLimit />
          <lowerSpecLimit />
          <site>
            <index>1</index>
            <value>0.0034</value>
            <oos>N</oos>
          </site>
        </parameter>
        <parameter>
          <name>K12</name>
          <target>20</target>
          <upperSpecLimit />
          <lowerSpecLimit />
          <site>
            <index>1</index>
            <value>0.0034</value>
            <oos>N</oos>
          </site>
        </parameter>
        <parameter>
          <name>K11</name>
          <target>20</target>
          <upperSpecLimit />
          <lowerSpecLimit />
          <site>
            <index>1</index>
            <value>0.0034</value>
            <oos>N</oos>
          </site>
        </parameter>
        <parameter>
          <name>K10</name>
          <target>20</target>
          <upperSpecLimit />
          <lowerSpecLimit />
          <site>
            <index>1</index>
            <value>0.0034</value>
            <oos>N</oos>
          </site>
        </parameter>
        <parameter>
          <name>K9</name>
          <target>20</target>
          <upperSpecLimit />
          <lowerSpecLimit />
          <site>
            <index>1</index>
            <value>0.0034</value>
            <oos>N</oos>
          </site>
        </parameter>
        <parameter>
          <name>K8</name>
          <target>20</target>
          <upperSpecLimit />
          <lowerSpecLimit />
          <site>
            <index>1</index>
            <value>0.0034</value>
            <oos>N</oos>
          </site>
        </parameter>
        <parameter>
          <name>K7</name>
          <target>20</target>
          <upperSpecLimit />
          <lowerSpecLimit />
          <site>
            <index>1</index>
            <value>0.0034</value>
            <oos>N</oos>
          </site>
        </parameter>
        <parameter>
          <name>Ty03</name>
          <target>20</target>
          <upperSpecLimit />
          <lowerSpecLimit />
          <site>
            <index>1</index>
            <value>0.0034</value>
            <oos>N</oos>
          </site>
        </parameter>
        <parameter>
          <name>Ty30</name>
          <target>20</target>
          <upperSpecLimit />
          <lowerSpecLimit />
          <site>
            <index>1</index>
            <value>0.0034</value>
            <oos>N</oos>
          </site>
        </parameter>
        <parameter>
          <name>Ty12</name>
          <target>20</target>
          <upperSpecLimit />
          <lowerSpecLimit />
          <site>
            <index>1</index>
            <value>0.0034</value>
            <oos>N</oos>
          </site>
        </parameter>
        <parameter>
          <name>Ty21</name>
          <target>20</target>
          <upperSpecLimit />
          <lowerSpecLimit />
          <site>
            <index>1</index>
            <value>0.0034</value>
            <oos>N</oos>
          </site>
        </parameter>
        <parameter>
          <name>Ty11</name>
          <target>20</target>
          <upperSpecLimit />
          <lowerSpecLimit />
          <site>
            <index>1</index>
            <value>0.0034</value>
            <oos>N</oos>
          </site>
        </parameter>
        <parameter>
          <name>Ty02</name>
          <target>20</target>
          <upperSpecLimit />
          <lowerSpecLimit />
          <site>
            <index>1</index>
            <value>0.0034</value>
            <oos>N</oos>
          </site>
        </parameter>
        <parameter>
          <name>Ty20</name>
          <target>20</target>
          <upperSpecLimit />
          <lowerSpecLimit />
          <site>
            <index>1</index>
            <value>0.0034</value>
            <oos>N</oos>
          </site>
        </parameter>
        <parameter>
          <name>Tx03</name>
          <target>20</target>
          <upperSpecLimit />
          <lowerSpecLimit />
          <site>
            <index>1</index>
            <value>0.0034</value>
            <oos>N</oos>
          </site>
        </parameter>
        <parameter>
          <name>Tx30</name>
          <target>20</target>
          <upperSpecLimit />
          <lowerSpecLimit />
          <site>
            <index>1</index>
            <value>0.0034</value>
            <oos>N</oos>
          </site>
        </parameter>
        <parameter>
          <name>Tx12</name>
          <target>20</target>
          <upperSpecLimit />
          <lowerSpecLimit />
          <site>
            <index>1</index>
            <value>0.0034</value>
            <oos>N</oos>
          </site>
        </parameter>
        <parameter>
          <name>Tx21</name>
          <target>20</target>
          <upperSpecLimit />
          <lowerSpecLimit />
          <site>
            <index>1</index>
            <value>0.0034</value>
            <oos>N</oos>
          </site>
        </parameter>
        <parameter>
          <name>Tx11</name>
          <target>20</target>
          <upperSpecLimit />
          <lowerSpecLimit />
          <site>
            <index>1</index>
            <value>0.0034</value>
            <oos>N</oos>
          </site>
        </parameter>
        <parameter>
          <name>Tx02</name>
          <target>20</target>
          <upperSpecLimit />
          <lowerSpecLimit />
          <site>
            <index>1</index>
            <value>0.0034</value>
            <oos>N</oos>
          </site>
        </parameter>
        <parameter>
          <name>Tx20</name>
          <target>20</target>
          <upperSpecLimit />
          <lowerSpecLimit />
          <site>
            <index>1</index>
            <value>0.0034</value>
            <oos>N</oos>
          </site>
        </parameter>
        <parameter>
          <name>SHT_ROT</name>
          <target>20</target>
          <upperSpecLimit />
          <lowerSpecLimit />
          <site>
            <index>1</index>
            <value>0.0034</value>
            <oos>N</oos>
          </site>
        </parameter>
        <parameter>
          <name>SHT_MAG</name>
          <target>20</target>
          <upperSpecLimit />
          <lowerSpecLimit />
          <site>
            <index>1</index>
            <value>0.0034</value>
            <oos>N</oos>
          </site>
        </parameter>
        <parameter>
          <name>ASYM_ROT</name>
          <target>20</target>
          <upperSpecLimit />
          <lowerSpecLimit />
          <site>
            <index>1</index>
            <value>0.0034</value>
            <oos>N</oos>
          </site>
        </parameter>
        <parameter>
          <name>ASYM_MAG</name>
          <target>20</target>
          <upperSpecLimit />
          <lowerSpecLimit />
          <site>
            <index>1</index>
            <value>0.0034</value>
            <oos>N</oos>
          </site>
        </parameter>
        <parameter>
          <name>TRANS_Y</name>
          <target>20</target>
          <upperSpecLimit />
          <lowerSpecLimit />
          <site>
            <index>1</index>
            <value>0.0034</value>
            <oos>N</oos>
          </site>
        </parameter>
        <parameter>
          <name>TRANS_X</name>
          <target>20</target>
          <upperSpecLimit />
          <lowerSpecLimit />
          <site>
            <index>1</index>
            <value>0.0034</value>
            <oos>N</oos>
          </site>
        </parameter>
        <parameter>
          <name>WFR_ROT</name>
          <target>20</target>
          <upperSpecLimit />
          <lowerSpecLimit />
          <site>
            <index>1</index>
            <value>0.0034</value>
            <oos>N</oos>
          </site>
        </parameter>
        <parameter>
          <name>NON_ORT</name>
          <target>20</target>
          <upperSpecLimit />
          <lowerSpecLimit />
          <site>
            <index>1</index>
            <value>0.0034</value>
            <oos>N</oos>
          </site>
        </parameter>
        <parameter>
          <name>EXP_Y</name>
          <target>20</target>
          <upperSpecLimit />
          <lowerSpecLimit />
          <site>
            <index>1</index>
            <value>0.0034</value>
            <oos>N</oos>
          </site>
        </parameter>
        <parameter>
          <name>EXP_X</name>
          <target>20</target>
          <upperSpecLimit />
          <lowerSpecLimit />
          <site>
            <index>1</index>
            <value>0.0034</value>
            <oos>N</oos>
          </site>
        </parameter>
      </wafer>
      <wafer>
        <waferId>A860023#02</waferId>
        <parameter>
          <name>K20</name>
          <target>20</target>
          <upperSpecLimit />
          <lowerSpecLimit />
          <site>
            <index>1</index>
            <value>0.0034</value>
            <oos>N</oos>
          </site>
        </parameter>
        <parameter>
          <name>K19</name>
          <target>20</target>
          <upperSpecLimit />
          <lowerSpecLimit />
          <site>
            <index>1</index>
            <value>0.0034</value>
            <oos>N</oos>
          </site>
        </parameter>
        <parameter>
          <name>K18</name>
          <target>20</target>
          <upperSpecLimit />
          <lowerSpecLimit />
          <site>
            <index>1</index>
            <value>0.0034</value>
            <oos>N</oos>
          </site>
        </parameter>
        <parameter>
          <name>K17</name>
          <target>20</target>
          <upperSpecLimit />
          <lowerSpecLimit />
          <site>
            <index>1</index>
            <value>0.0034</value>
            <oos>N</oos>
          </site>
        </parameter>
        <parameter>
          <name>K16</name>
          <target>20</target>
          <upperSpecLimit />
          <lowerSpecLimit />
          <site>
            <index>1</index>
            <value>0.0034</value>
            <oos>N</oos>
          </site>
        </parameter>
        <parameter>
          <name>K15</name>
          <target>20</target>
          <upperSpecLimit />
          <lowerSpecLimit />
          <site>
            <index>1</index>
            <value>0.0034</value>
            <oos>N</oos>
          </site>
        </parameter>
        <parameter>
          <name>K14</name>
          <target>20</target>
          <upperSpecLimit />
          <lowerSpecLimit />
          <site>
            <index>1</index>
            <value>0.0034</value>
            <oos>N</oos>
          </site>
        </parameter>
        <parameter>
          <name>K13</name>
          <target>20</target>
          <upperSpecLimit />
          <lowerSpecLimit />
          <site>
            <index>1</index>
            <value>0.0034</value>
            <oos>N</oos>
          </site>
        </parameter>
        <parameter>
          <name>K12</name>
          <target>20</target>
          <upperSpecLimit />
          <lowerSpecLimit />
          <site>
            <index>1</index>
            <value>0.0034</value>
            <oos>N</oos>
          </site>
        </parameter>
        <parameter>
          <name>K11</name>
          <target>20</target>
          <upperSpecLimit />
          <lowerSpecLimit />
          <site>
            <index>1</index>
            <value>0.0034</value>
            <oos>N</oos>
          </site>
        </parameter>
        <parameter>
          <name>K10</name>
          <target>20</target>
          <upperSpecLimit />
          <lowerSpecLimit />
          <site>
            <index>1</index>
            <value>0.0034</value>
            <oos>N</oos>
          </site>
        </parameter>
        <parameter>
          <name>K9</name>
          <target>20</target>
          <upperSpecLimit />
          <lowerSpecLimit />
          <site>
            <index>1</index>
            <value>0.0034</value>
            <oos>N</oos>
          </site>
        </parameter>
        <parameter>
          <name>K8</name>
          <target>20</target>
          <upperSpecLimit />
          <lowerSpecLimit />
          <site>
            <index>1</index>
            <value>0.0034</value>
            <oos>N</oos>
          </site>
        </parameter>
        <parameter>
          <name>K7</name>
          <target>20</target>
          <upperSpecLimit />
          <lowerSpecLimit />
          <site>
            <index>1</index>
            <value>0.0034</value>
            <oos>N</oos>
          </site>
        </parameter>
        <parameter>
          <name>Ty03</name>
          <target>20</target>
          <upperSpecLimit />
          <lowerSpecLimit />
          <site>
            <index>1</index>
            <value>0.0034</value>
            <oos>N</oos>
          </site>
        </parameter>
        <parameter>
          <name>Ty30</name>
          <target>20</target>
          <upperSpecLimit />
          <lowerSpecLimit />
          <site>
            <index>1</index>
            <value>0.0034</value>
            <oos>N</oos>
          </site>
        </parameter>
        <parameter>
          <name>Ty12</name>
          <target>20</target>
          <upperSpecLimit />
          <lowerSpecLimit />
          <site>
            <index>1</index>
            <value>0.0034</value>
            <oos>N</oos>
          </site>
        </parameter>
        <parameter>
          <name>Ty21</name>
          <target>20</target>
          <upperSpecLimit />
          <lowerSpecLimit />
          <site>
            <index>1</index>
            <value>0.0034</value>
            <oos>N</oos>
          </site>
        </parameter>
        <parameter>
          <name>Ty11</name>
          <target>20</target>
          <upperSpecLimit />
          <lowerSpecLimit />
          <site>
            <index>1</index>
            <value>0.0034</value>
            <oos>N</oos>
          </site>
        </parameter>
        <parameter>
          <name>Ty02</name>
          <target>20</target>
          <upperSpecLimit />
          <lowerSpecLimit />
          <site>
            <index>1</index>
            <value>0.0034</value>
            <oos>N</oos>
          </site>
        </parameter>
        <parameter>
          <name>Ty20</name>
          <target>20</target>
          <upperSpecLimit />
          <lowerSpecLimit />
          <site>
            <index>1</index>
            <value>0.0034</value>
            <oos>N</oos>
          </site>
        </parameter>
        <parameter>
          <name>Tx03</name>
          <target>20</target>
          <upperSpecLimit />
          <lowerSpecLimit />
          <site>
            <index>1</index>
            <value>0.0034</value>
            <oos>N</oos>
          </site>
        </parameter>
        <parameter>
          <name>Tx30</name>
          <target>20</target>
          <upperSpecLimit />
          <lowerSpecLimit />
          <site>
            <index>1</index>
            <value>0.0034</value>
            <oos>N</oos>
          </site>
        </parameter>
        <parameter>
          <name>Tx12</name>
          <target>20</target>
          <upperSpecLimit />
          <lowerSpecLimit />
          <site>
            <index>1</index>
            <value>0.0034</value>
            <oos>N</oos>
          </site>
        </parameter>
        <parameter>
          <name>Tx21</name>
          <target>20</target>
          <upperSpecLimit />
          <lowerSpecLimit />
          <site>
            <index>1</index>
            <value>0.0034</value>
            <oos>N</oos>
          </site>
        </parameter>
        <parameter>
          <name>Tx11</name>
          <target>20</target>
          <upperSpecLimit />
          <lowerSpecLimit />
          <site>
            <index>1</index>
            <value>0.0034</value>
            <oos>N</oos>
          </site>
        </parameter>
        <parameter>
          <name>Tx02</name>
          <target>20</target>
          <upperSpecLimit />
          <lowerSpecLimit />
          <site>
            <index>1</index>
            <value>0.0034</value>
            <oos>N</oos>
          </site>
        </parameter>
        <parameter>
          <name>Tx20</name>
          <target>20</target>
          <upperSpecLimit />
          <lowerSpecLimit />
          <site>
            <index>1</index>
            <value>0.0034</value>
            <oos>N</oos>
          </site>
        </parameter>
        <parameter>
          <name>SHT_ROT</name>
          <target>20</target>
          <upperSpecLimit />
          <lowerSpecLimit />
          <site>
            <index>1</index>
            <value>0.0034</value>
            <oos>N</oos>
          </site>
        </parameter>
        <parameter>
          <name>SHT_MAG</name>
          <target>20</target>
          <upperSpecLimit />
          <lowerSpecLimit />
          <site>
            <index>1</index>
            <value>0.0034</value>
            <oos>N</oos>
          </site>
        </parameter>
        <parameter>
          <name>ASYM_ROT</name>
          <target>20</target>
          <upperSpecLimit />
          <lowerSpecLimit />
          <site>
            <index>1</index>
            <value>0.0034</value>
            <oos>N</oos>
          </site>
        </parameter>
        <parameter>
          <name>ASYM_MAG</name>
          <target>20</target>
          <upperSpecLimit />
          <lowerSpecLimit />
          <site>
            <index>1</index>
            <value>0.0034</value>
            <oos>N</oos>
          </site>
        </parameter>
        <parameter>
          <name>TRANS_Y</name>
          <target>20</target>
          <upperSpecLimit />
          <lowerSpecLimit />
          <site>
            <index>1</index>
            <value>0.0034</value>
            <oos>N</oos>
          </site>
        </parameter>
        <parameter>
          <name>TRANS_X</name>
          <target>20</target>
          <upperSpecLimit />
          <lowerSpecLimit />
          <site>
            <index>1</index>
            <value>0.0034</value>
            <oos>N</oos>
          </site>
        </parameter>
        <parameter>
          <name>WFR_ROT</name>
          <target>20</target>
          <upperSpecLimit />
          <lowerSpecLimit />
          <site>
            <index>1</index>
            <value>0.0034</value>
            <oos>N</oos>
          </site>
        </parameter>
        <parameter>
          <name>NON_ORT</name>
          <target>20</target>
          <upperSpecLimit />
          <lowerSpecLimit />
          <site>
            <index>1</index>
            <value>0.0034</value>
            <oos>N</oos>
          </site>
        </parameter>
        <parameter>
          <name>EXP_Y</name>
          <target>20</target>
          <upperSpecLimit />
          <lowerSpecLimit />
          <site>
            <index>1</index>
            <value>0.0034</value>
            <oos>N</oos>
          </site>
        </parameter>
        <parameter>
          <name>EXP_X</name>
          <target>20</target>
          <upperSpecLimit />
          <lowerSpecLimit />
          <site>
            <index>1</index>
            <value>0.0034</value>
            <oos>N</oos>
          </site>
        </parameter>
      </wafer>
    </lot>
  </msgBody>
</msg>