﻿<?xml version="1.0" encoding="utf-8"?>
<msg xmlns:xsd="http://www.w3.org/2001/XMLSchema" xmlns:xsi="http://www.w3.org/2001/XMLSchema-instance">
  <rvHeader>
    <source>
      <application>Y1.MES</application>
      <msgBus>TibRv</msgBus>
      <domain>Y1</domain>
      <address>YMTCQATEST.OFF.XMLCOMMSRV.&gt;</address>
    </source>
    <destination>
      <application>Y1.R2R</application>
      <msgBus>TibRv</msgBus>
      <domain>Y1</domain>
      <address>YMTCQATEST.R2R.MES.001</address>
    </destination>
    <replyApplication />
  </rvHeader>
  <msgHeader>
    <srvAddr>s1</srvAddr>
    <reqAddr>xxx</reqAddr>
    <msgOwner>MES</msgOwner>
    <srvMethod>Metrology</srvMethod>
    <srvId />
    <timeStamp>2017-12-28 10:01:59</timeStamp>
    <timeOut>30</timeOut>
    <txId>20180704152626.172.42875242</txId>
    <locale>EN</locale>
    <retCode>0</retCode>
    <retMsg />
  </msgHeader>
  <msgBody>
    <eventName />
    <fabName>Y1</fabName>
    <eqpId>YMCD01</eqpId>
    <area>PH</area>
    <batchId>PH</batchId>
    <lotCnt>1</lotCnt>
    <lot>
      <lotId>A860023</lotId>
      <lotType>P</lotType>
      <lotQty>20</lotQty>
      <rootLotId>A860023</rootLotId>
      <area>PH</area>
      <fabName>Y1</fabName>
      <productId>LITHOPRD.0</productId>
      <productType>Normal</productType>
      <planId>LITHO-TOP.0</planId>
      <subPlanId>LITHO-SUB01.0</subPlanId>
      <stage>PH</stage>
      <rework>Normal</rework>
      <reworkCnt>0</reworkCnt>
      <metrologyLayerName>208</metrologyLayerName>
      <metrologyStepName>UCEBA</metrologyStepName>
      <metrologyStepSequence>200100</metrologyStepSequence>
      <metrologyRecipeName>PH_EDCPLANP1-THK-001</metrologyRecipeName>
      <metrologyToolName>YMCD01</metrologyToolName>
      <processingStatus>Wait</processingStatus>
      <pilotFlag>Y</pilotFlag>
      <runcardFlag>N</runcardFlag>
      <r2rMode>On</r2rMode>
      <waferIds>A860023#01,A860023#02</waferIds>
      <slotIds>001,002</slotIds>
      <wafer>
        <waferId>A860023#01</waferId>
        <parameter>
          <name>CD</name>
          <target>20</target>
          <upperSpecLimit>100</upperSpecLimit>
          <lowerSpecLimit>0</lowerSpecLimit>
          <site>
            <index>1</index>
            <value>0.0034</value>
            <oos>N</oos>
          </site>
          <site>
            <index>2</index>
            <value>0.0036</value>
            <oos>N</oos>
          </site>
          <site>
            <index>3</index>
            <value>0.0036</value>
            <oos>N</oos>
          </site>
        </parameter>
        <parameter>
          <name>CDx</name>
          <target>20</target>
          <upperSpecLimit>100</upperSpecLimit>
          <lowerSpecLimit>0</lowerSpecLimit>
          <site>
            <index>1</index>
            <value>0.0034</value>
            <oos>N</oos>
          </site>
          <site>
            <index>2</index>
            <value>0.0036</value>
            <oos>N</oos>
          </site>
          <site>
            <index>3</index>
            <value>0.0036</value>
            <oos>N</oos>
          </site>
        </parameter>
      </wafer>
      <wafer>
        <waferId>A860023#02</waferId>
        <parameter>
          <name>CD</name>
          <target>20</target>
          <upperSpecLimit>100</upperSpecLimit>
          <lowerSpecLimit>0</lowerSpecLimit>
          <site>
            <index>1</index>
            <value>0.0034</value>
            <oos>N</oos>
          </site>
          <site>
            <index>2</index>
            <value>0.0036</value>
            <oos>N</oos>
          </site>
          <site>
            <index>3</index>
            <value>0.0036</value>
            <oos>N</oos>
          </site>
        </parameter>
        <parameter>
          <name>CDx</name>
          <target>20</target>
          <upperSpecLimit>100</upperSpecLimit>
          <lowerSpecLimit>0</lowerSpecLimit>
          <site>
            <index>1</index>
            <value>0.0034</value>
            <oos>N</oos>
          </site>
          <site>
            <index>2</index>
            <value>0.0036</value>
            <oos>N</oos>
          </site>
          <site>
            <index>3</index>
            <value>0.0036</value>
            <oos>N</oos>
          </site>
        </parameter>
      </wafer>
    </lot>
  </msgBody>
</msg>