<?xml version="1.0" encoding="GB2312"?>
<msg>
  <rvHeader>
    <source>
      <application>Y1.MES</application>
      <msgBus>MBX</msgBus>
      <domain>Y1</domain>
      <address>FWSRVdefault</address>
    </source>
    <destination>
      <application>Y1.R2R</application>
      <msgBus>TibRv</msgBus>
      <domain>Y1</domain>
      <address>YMTCQATEST.R2R.MES.&gt;</address>
    </destination>
    <replyApplication>
      <addressNo>2</addressNo>
      <address applicationName="Y1.MES" seq="1">replyBox.7264</address>
      <address applicationName="B2-MES" seq="2">YMTCQATEST.XMLCOMMSRV_REPLY.YMTCTEST.MES_MBX_QATEST</address>
    </replyApplication>
  </rvHeader>
  <msgHeader>
    <srvAddr />
    <reqAddr>YMTCTEST.9431.CalcRecipeSettings.20180626155010825</reqAddr>
    <msgOwner />
    <srvMethod>CalcRecipeSettings</srvMethod>
    <srvId />
    <timeStamp>20180626 155010</timeStamp>
    <timeOut>60</timeOut>
    <txId>35246</txId>
    <locale>EN</locale>
    <retCode>0</retCode>
    <retMsg />
  </msgHeader>
  <msgBody>
    <eventName>JobPrep</eventName>
    <fabName>Fab1</fabName>
    <eqpId>UPLITHO01</eqpId>
    <area />
    <batchId>FWADM_FP300_11765</batchId>
    <lotCnt>1</lotCnt>
    <lot>
      <lotId>A860059</lotId>
      <lotType>E1</lotType>
      <lotQty>25</lotQty>
      <motherLot>A860059</motherLot>
      <rootLotId>A860059</rootLotId>
      <area />
      <fabName>Fab1</fabName>
      <technology>24nm</technology>
      <productId>LITHOPRD.0</productId>
      <productType>Normal</productType>
      <planId>LITHO-TOP.1</planId>
      <subPlanId>LITHO-SUB01.0</subPlanId>
      <stepName>UPLITHO-01</stepName>
      <stepSequence>00008.10.00010</stepSequence>
      <stage>LITHO-L1</stage>
      <recipeId>RCP01@SCNRCP01.618AA2</recipeId>
      <layerName>618</layerName>
      <rework>Normal</rework>
      <reworkCnt>0</reworkCnt>
      <eqpId>UPLITHO01</eqpId>
      <chambers />
      <processingStatus>Active</processingStatus>
      <pilotFlag>N</pilotFlag>
      <runcardFlag>N</runcardFlag>
      <r2rMode>L2L</r2rMode>
      <reticleId>000001-00001-002</reticleId>
      <waferIds>A860059#01,A860059#02,A860059#03,A860059#04,A860059#05,A860059#06,A860059#07,A860059#08,A860059#09,A860059#10,A860059#11,A860059#12,A860059#13,A860059#14,A860059#15,A860059#16,A860059#17,A860059#18,A860059#19,A860059#20,A860059#21,A860059#22,A860059#23,A860059#24,A860059#25</waferIds>
      <slotIds>001,002,003,004,005,006,007,008,009,010,011,012,013,014,015,016,017,018,019,020,021,022,023,024,025</slotIds>
      <calcValues>
        <parameter>
          <paraName>EXP_X</paraName>
          <paraValue>0</paraValue>
        </parameter>
        <parameter>
          <paraName>EXP_Y</paraName>
          <paraValue>0</paraValue>
        </parameter>
        <parameter>
          <paraName>NON_ORT</paraName>
          <paraValue>0</paraValue>
        </parameter>
        <parameter>
          <paraName>WFR_ROT</paraName>
          <paraValue>0</paraValue>
        </parameter>
        <parameter>
          <paraName>TRANS_X</paraName>
          <paraValue>0</paraValue>
        </parameter>
        <parameter>
          <paraName>TRANS_Y</paraName>
          <paraValue>0</paraValue>
        </parameter>
        <parameter>
          <paraName>ASYM_MAG</paraName>
          <paraValue>0</paraValue>
        </parameter>
        <parameter>
          <paraName>ASYM_ROT</paraName>
          <paraValue>0</paraValue>
        </parameter>
        <parameter>
          <paraName>SHT_ROT</paraName>
          <paraValue>0</paraValue>
        </parameter>
        <parameter>
          <paraName>SHT_MAG</paraName>
          <paraValue>0</paraValue>
        </parameter>
      </calcValues>
    </lot>
  </msgBody>
</msg>