<?xml version="1.0" encoding="GB2312"?>
<msg>
  <rvHeader>
    <source>
      <application>Y1.MES</application>
      <msgBus>MBX</msgBus>
      <domain>Y1</domain>
      <address>FWSRVdefault</address>
    </source>
    <destination>
      <application>Y1.R2R</application>
      <msgBus>TibRv</msgBus>
      <domain>Y1</domain>
      <address>YMTCQATEST.R2R.MES.&gt;</address>
    </destination>
    <replyApplication>
      <addressNo>2</addressNo>
      <address applicationName="Y1.MES" seq="1">replyBox.29629</address>
      <address applicationName="Y1.MES" seq="2">YMTCQATEST.XMLCOMMSRV_REPLY.YMTCTEST.MES_MBX_QATEST</address>
    </replyApplication>
  </rvHeader>
  <msgHeader>
    <srvAddr />
    <reqAddr>YMTCTEST.29462.CalcRecipeSettings.20180705170642218</reqAddr>
    <msgOwner />
    <srvMethod>CalcRecipeSettings</srvMethod>
    <srvId />
    <timeStamp>20180705 170642</timeStamp>
    <timeOut>60</timeOut>
    <txId>36013</txId>
    <locale>EN</locale>
    <retCode>0</retCode>
    <retMsg />
  </msgHeader>
  <msgBody>
    <eventName>JobPrep</eventName>
    <fabName>Fab1</fabName>
    <eqpId>UPLITHO01</eqpId>
    <area />
    <batchId>FWADM_FP300_12403</batchId>
    <lotCnt>1</lotCnt>
    <lot>
      <lotId>A870132</lotId>
      <lotType>E1</lotType>
      <lotQty>25</lotQty>
      <motherLot>A870132</motherLot>
      <rootLotId>A870132</rootLotId>
      <area />
      <fabName>Fab1</fabName>
      <technology>24nm</technology>
      <productId>LITHOPRD.0</productId>
      <productType>Normal</productType>
      <planId>LITHO-TOP.1</planId>
      <subPlanId>LITHO-SUB01.0</subPlanId>
      <stepName>UPLITHO-01</stepName>
      <stepSequence>00008.10.00010</stepSequence>
      <stage>LITHO-L1</stage>
      <recipeId>RCP01@SCNRCP01.618AA2</recipeId>
      <layerName>618</layerName>
      <rework>Normal</rework>
      <reworkCnt>0</reworkCnt>
      <eqpId>UPLITHO01</eqpId>
      <chambers />
      <processingStatus>Active</processingStatus>
      <pilotFlag>Y</pilotFlag>
      <runcardFlag>N</runcardFlag>
      <r2rMode>L2L</r2rMode>
      <reticleId>000001-00001-002</reticleId>
      <waferIds>A870132#01,A870132#02,A870132#03,A870132#04,A870132#05,A870132#06,A870132#07,A870132#08,A870132#09,A870132#10,A870132#11,A870132#12,A870132#13,A870132#14,A870132#15,A870132#16,A870132#17,A870132#18,A870132#19,A870132#20,A870132#21,A870132#22,A870132#23,A870132#24,A870132#25</waferIds>
      <slotIds>001,002,003,004,005,006,007,008,009,010,011,012,013,014,015,016,017,018,019,020,021,022,023,024,025</slotIds>
      <calcValues>
        <parameter>
          <paraName>EXP_X</paraName>
          <paraValue>0</paraValue>
        </parameter>
        <parameter>
          <paraName>EXP_Y</paraName>
          <paraValue>0</paraValue>
        </parameter>
        <parameter>
          <paraName>NON_ORT</paraName>
          <paraValue>0</paraValue>
        </parameter>
        <parameter>
          <paraName>WFR_ROT</paraName>
          <paraValue>0</paraValue>
        </parameter>
        <parameter>
          <paraName>TRANS_X</paraName>
          <paraValue>0</paraValue>
        </parameter>
        <parameter>
          <paraName>TRANS_Y</paraName>
          <paraValue>0</paraValue>
        </parameter>
        <parameter>
          <paraName>ASYM_MAG</paraName>
          <paraValue>0</paraValue>
        </parameter>
        <parameter>
          <paraName>ASYM_ROT</paraName>
          <paraValue>0</paraValue>
        </parameter>
        <parameter>
          <paraName>SHT_ROT</paraName>
          <paraValue>0</paraValue>
        </parameter>
        <parameter>
          <paraName>SHT_MAG</paraName>
          <paraValue>0</paraValue>
        </parameter>
      </calcValues>
    </lot>
  </msgBody>
</msg>