<?xml version="1.0" encoding="GB2312"?>
<msg>
  <rvHeader>
    <source>
      <application>Y1.MES</application>
      <msgBus>MBX</msgBus>
      <domain>Y1</domain>
      <address>FWSRVdefault</address>
    </source>
    <destination>
      <application>Y1.R2R</application>
      <msgBus>TibRv</msgBus>
      <domain>Y1</domain>
      <address>YMTCQATEST.R2R.MES.&gt;</address>
    </destination>
    <replyApplication>
      <addressNo>2</addressNo>
      <address applicationName="Y1.MES" seq="1">replyBox.29629</address>
      <address applicationName="Y1.MES" seq="2">YMTCQATEST.XMLCOMMSRV_REPLY.YMTCTEST.MES_MBX_QATEST</address>
    </replyApplication>
  </rvHeader>
  <msgHeader>
    <srvAddr />
    <reqAddr>YMTCTEST.29462.UsedSettings.20180705170722909</reqAddr>
    <msgOwner />
    <srvMethod>UsedSettings</srvMethod>
    <srvId />
    <timeStamp>20180705 170722</timeStamp>
    <timeOut>0</timeOut>
    <txId>36014</txId>
    <locale>EN</locale>
    <retCode>0</retCode>
    <retMsg />
  </msgHeader>
  <msgBody>
    <eventName>JobOut</eventName>
    <fabName>Fab1</fabName>
    <eqpId>UPLITHO01</eqpId>
    <area />
    <batchId>FWADM_FP300_12403</batchId>
    <lotCnt>1</lotCnt>
    <lot>
      <lotId>A870132</lotId>
      <lotType>E1</lotType>
      <lotQty>25</lotQty>
      <motherLot>A870132</motherLot>
      <rootLotId>A870132</rootLotId>
      <area />
      <fabName>Fab1</fabName>
      <technology>24nm</technology>
      <productId>LITHOPRD.0</productId>
      <productType>Normal</productType>
      <planId>LITHO-TOP.1</planId>
      <subPlanId>LITHO-SUB01.0</subPlanId>
      <stepName>UPLITHO-01</stepName>
      <stepSequence>00008.10.00010</stepSequence>
      <stage>LITHO-L1</stage>
      <recipeId>RCP01@SCNRCP01.618AA2</recipeId>
      <layerName>618</layerName>
      <rework>Normal</rework>
      <reworkCnt>0</reworkCnt>
      <eqpId>UPLITHO01</eqpId>
      <chambers />
      <processingStatus>Active</processingStatus>
      <pilotFlag>Y</pilotFlag>
      <runcardFlag>N</runcardFlag>
      <r2rMode>L2L</r2rMode>
      <reticleId>000001-00001-002</reticleId>
      <setpoints>
        <parameter>
          <paraName>Energy</paraName>
          <paraValue>60</paraValue>
        </parameter>
        <parameter>
          <paraName>Focus</paraName>
          <paraValue>60</paraValue>
        </parameter>
        <parameter>
          <paraName>EXP_X_C1</paraName>
          <paraValue>1</paraValue>
        </parameter>
        <parameter>
          <paraName>EXP_X_C2</paraName>
          <paraValue>11</paraValue>
        </parameter>
        <parameter>
          <paraName>EXP_Y_C1</paraName>
          <paraValue>2</paraValue>
        </parameter>
        <parameter>
          <paraName>EXP_Y_C2</paraName>
          <paraValue>12</paraValue>
        </parameter>
        <parameter>
          <paraName>NON_ORT_C1</paraName>
          <paraValue>3</paraValue>
        </parameter>
        <parameter>
          <paraName>NON_ORT_C2</paraName>
          <paraValue>13</paraValue>
        </parameter>
        <parameter>
          <paraName>WFR_ROT_C1</paraName>
          <paraValue>4</paraValue>
        </parameter>
        <parameter>
          <paraName>WFR_ROT_C2</paraName>
          <paraValue>14</paraValue>
        </parameter>
        <parameter>
          <paraName>TRANS_X_C1</paraName>
          <paraValue>5</paraValue>
        </parameter>
        <parameter>
          <paraName>TRANS_X_C2</paraName>
          <paraValue>15</paraValue>
        </parameter>
        <parameter>
          <paraName>TRANS_Y_C1</paraName>
          <paraValue>6</paraValue>
        </parameter>
        <parameter>
          <paraName>TRANS_Y_C2</paraName>
          <paraValue>16</paraValue>
        </parameter>
        <parameter>
          <paraName>ASYM_MAG_C1</paraName>
          <paraValue>7</paraValue>
        </parameter>
        <parameter>
          <paraName>ASYM_MAG_C2</paraName>
          <paraValue>17</paraValue>
        </parameter>
        <parameter>
          <paraName>ASYM_ROT_C1</paraName>
          <paraValue>8</paraValue>
        </parameter>
        <parameter>
          <paraName>ASYM_ROT_C2</paraName>
          <paraValue>18</paraValue>
        </parameter>
        <parameter>
          <paraName>SHT_MAG_C1</paraName>
          <paraValue>9</paraValue>
        </parameter>
        <parameter>
          <paraName>SHT_MAG_C2</paraName>
          <paraValue>19</paraValue>
        </parameter>
        <parameter>
          <paraName>SHT_ROT_C1</paraName>
          <paraValue>10</paraValue>
        </parameter>
        <parameter>
          <paraName>SHT_ROT_C2</paraName>
          <paraValue>20</paraValue>
        </parameter>
        <parameter>
          <paraName>Tx20_C1</paraName>
          <paraValue>0</paraValue>
        </parameter>
        <parameter>
          <paraName>Tx20_C2</paraName>
          <paraValue>0</paraValue>
        </parameter>
        <parameter>
          <paraName>Tx02_C1</paraName>
          <paraValue>0</paraValue>
        </parameter>
        <parameter>
          <paraName>Tx02_C2</paraName>
          <paraValue>0</paraValue>
        </parameter>
        <parameter>
          <paraName>Tx11_C1</paraName>
          <paraValue>0</paraValue>
        </parameter>
        <parameter>
          <paraName>Tx11_C2</paraName>
          <paraValue>0</paraValue>
        </parameter>
        <parameter>
          <paraName>Tx21_C1</paraName>
          <paraValue>0</paraValue>
        </parameter>
        <parameter>
          <paraName>Tx21_C2</paraName>
          <paraValue>0</paraValue>
        </parameter>
        <parameter>
          <paraName>Tx12_C1</paraName>
          <paraValue>0</paraValue>
        </parameter>
        <parameter>
          <paraName>Tx12_C2</paraName>
          <paraValue>0</paraValue>
        </parameter>
        <parameter>
          <paraName>Tx30_C1</paraName>
          <paraValue>0</paraValue>
        </parameter>
        <parameter>
          <paraName>Tx30_C2</paraName>
          <paraValue>0</paraValue>
        </parameter>
        <parameter>
          <paraName>Tx03_C1</paraName>
          <paraValue>0</paraValue>
        </parameter>
        <parameter>
          <paraName>Tx03_C2</paraName>
          <paraValue>0</paraValue>
        </parameter>
        <parameter>
          <paraName>Ty20_C1</paraName>
          <paraValue>0</paraValue>
        </parameter>
        <parameter>
          <paraName>Ty20_C2</paraName>
          <paraValue>0</paraValue>
        </parameter>
        <parameter>
          <paraName>Ty02_C1</paraName>
          <paraValue>0</paraValue>
        </parameter>
        <parameter>
          <paraName>Ty02_C2</paraName>
          <paraValue>0</paraValue>
        </parameter>
        <parameter>
          <paraName>Ty11_C1</paraName>
          <paraValue>0</paraValue>
        </parameter>
        <parameter>
          <paraName>Ty11_C2</paraName>
          <paraValue>0</paraValue>
        </parameter>
        <parameter>
          <paraName>Ty21_C1</paraName>
          <paraValue>0</paraValue>
        </parameter>
        <parameter>
          <paraName>Ty21_C2</paraName>
          <paraValue>0</paraValue>
        </parameter>
        <parameter>
          <paraName>Ty12_C1</paraName>
          <paraValue>0</paraValue>
        </parameter>
        <parameter>
          <paraName>Ty12_C2</paraName>
          <paraValue>0</paraValue>
        </parameter>
        <parameter>
          <paraName>Ty30_C1</paraName>
          <paraValue>0</paraValue>
        </parameter>
        <parameter>
          <paraName>Ty30_C2</paraName>
          <paraValue>0</paraValue>
        </parameter>
        <parameter>
          <paraName>Ty03_C1</paraName>
          <paraValue>0</paraValue>
        </parameter>
        <parameter>
          <paraName>Ty03_C2</paraName>
          <paraValue>0</paraValue>
        </parameter>
        <parameter>
          <paraName>K7_C1</paraName>
          <paraValue>0</paraValue>
        </parameter>
        <parameter>
          <paraName>K7_C2</paraName>
          <paraValue>0</paraValue>
        </parameter>
        <parameter>
          <paraName>K8_C1</paraName>
          <paraValue>0</paraValue>
        </parameter>
        <parameter>
          <paraName>K8_C2</paraName>
          <paraValue>0</paraValue>
        </parameter>
        <parameter>
          <paraName>K9_C1</paraName>
          <paraValue>0</paraValue>
        </parameter>
        <parameter>
          <paraName>K9_C2</paraName>
          <paraValue>0</paraValue>
        </parameter>
        <parameter>
          <paraName>K10_C1</paraName>
          <paraValue>0</paraValue>
        </parameter>
        <parameter>
          <paraName>K10_C2</paraName>
          <paraValue>0</paraValue>
        </parameter>
        <parameter>
          <paraName>K11_C1</paraName>
          <paraValue>0</paraValue>
        </parameter>
        <parameter>
          <paraName>K11_C2</paraName>
          <paraValue>0</paraValue>
        </parameter>
        <parameter>
          <paraName>K12_C1</paraName>
          <paraValue>0</paraValue>
        </parameter>
        <parameter>
          <paraName>K12_C2</paraName>
          <paraValue>0</paraValue>
        </parameter>
        <parameter>
          <paraName>K13_C1</paraName>
          <paraValue>0</paraValue>
        </parameter>
        <parameter>
          <paraName>K13_C2</paraName>
          <paraValue>0</paraValue>
        </parameter>
        <parameter>
          <paraName>K14_C1</paraName>
          <paraValue>0</paraValue>
        </parameter>
        <parameter>
          <paraName>K14_C2</paraName>
          <paraValue>0</paraValue>
        </parameter>
        <parameter>
          <paraName>K15_C1</paraName>
          <paraValue>0</paraValue>
        </parameter>
        <parameter>
          <paraName>K15_C2</paraName>
          <paraValue>0</paraValue>
        </parameter>
        <parameter>
          <paraName>K16_C1</paraName>
          <paraValue>0</paraValue>
        </parameter>
        <parameter>
          <paraName>K16_C2</paraName>
          <paraValue>0</paraValue>
        </parameter>
        <parameter>
          <paraName>K17_C1</paraName>
          <paraValue>0</paraValue>
        </parameter>
        <parameter>
          <paraName>K17_C2</paraName>
          <paraValue>0</paraValue>
        </parameter>
        <parameter>
          <paraName>K18_C1</paraName>
          <paraValue>0</paraValue>
        </parameter>
        <parameter>
          <paraName>K18_C2</paraName>
          <paraValue>0</paraValue>
        </parameter>
        <parameter>
          <paraName>K19_C1</paraName>
          <paraValue>0</paraValue>
        </parameter>
        <parameter>
          <paraName>K19_C2</paraName>
          <paraValue>0</paraValue>
        </parameter>
        <parameter>
          <paraName>K20_C1</paraName>
          <paraValue>0</paraValue>
        </parameter>
        <parameter>
          <paraName>K20_C2</paraName>
          <paraValue>0</paraValue>
        </parameter>
      </setpoints>
      <lotProcessedValues>
        <parameter>
          <paraName>Energy</paraName>
          <paraValue>60</paraValue>
        </parameter>
        <parameter>
          <paraName>Focus</paraName>
          <paraValue>0.3</paraValue>
        </parameter>
        <parameter>
          <paraName>EXP_X_C1</paraName>
          <paraValue>1</paraValue>
        </parameter>
        <parameter>
          <paraName>EXP_X_C2</paraName>
          <paraValue>11</paraValue>
        </parameter>
        <parameter>
          <paraName>EXP_Y_C1</paraName>
          <paraValue>2</paraValue>
        </parameter>
        <parameter>
          <paraName>EXP_Y_C2</paraName>
          <paraValue>12</paraValue>
        </parameter>
        <parameter>
          <paraName>NON_ORT_C1</paraName>
          <paraValue>3</paraValue>
        </parameter>
        <parameter>
          <paraName>NON_ORT_C2</paraName>
          <paraValue>13</paraValue>
        </parameter>
        <parameter>
          <paraName>WFR_ROT_C1</paraName>
          <paraValue>4</paraValue>
        </parameter>
        <parameter>
          <paraName>WFR_ROT_C2</paraName>
          <paraValue>14</paraValue>
        </parameter>
        <parameter>
          <paraName>TRANS_X_C1</paraName>
          <paraValue>5</paraValue>
        </parameter>
        <parameter>
          <paraName>TRANS_X_C2</paraName>
          <paraValue>15</paraValue>
        </parameter>
        <parameter>
          <paraName>TRANS_Y_C1</paraName>
          <paraValue>6</paraValue>
        </parameter>
        <parameter>
          <paraName>TRANS_Y_C2</paraName>
          <paraValue>16</paraValue>
        </parameter>
        <parameter>
          <paraName>ASYM_MAG_C1</paraName>
          <paraValue>7</paraValue>
        </parameter>
        <parameter>
          <paraName>ASYM_MAG_C2</paraName>
          <paraValue>17</paraValue>
        </parameter>
        <parameter>
          <paraName>ASYM_ROT_C1</paraName>
          <paraValue>8</paraValue>
        </parameter>
        <parameter>
          <paraName>ASYM_ROT_C2</paraName>
          <paraValue>18</paraValue>
        </parameter>
        <parameter>
          <paraName>SHT_MAG_C1</paraName>
          <paraValue>9</paraValue>
        </parameter>
        <parameter>
          <paraName>SHT_MAG_C2</paraName>
          <paraValue>19</paraValue>
        </parameter>
        <parameter>
          <paraName>SHT_ROT_C1</paraName>
          <paraValue>10</paraValue>
        </parameter>
        <parameter>
          <paraName>SHT_ROT_C2</paraName>
          <paraValue>20</paraValue>
        </parameter>
        <parameter>
          <paraName>Tx20_C1</paraName>
          <paraValue>0</paraValue>
        </parameter>
        <parameter>
          <paraName>Tx20_C2</paraName>
          <paraValue>0</paraValue>
        </parameter>
        <parameter>
          <paraName>Tx02_C1</paraName>
          <paraValue>0</paraValue>
        </parameter>
        <parameter>
          <paraName>Tx02_C2</paraName>
          <paraValue>0</paraValue>
        </parameter>
        <parameter>
          <paraName>Tx11_C1</paraName>
          <paraValue>0</paraValue>
        </parameter>
        <parameter>
          <paraName>Tx11_C2</paraName>
          <paraValue>0</paraValue>
        </parameter>
        <parameter>
          <paraName>Tx21_C1</paraName>
          <paraValue>0</paraValue>
        </parameter>
        <parameter>
          <paraName>Tx21_C2</paraName>
          <paraValue>0</paraValue>
        </parameter>
        <parameter>
          <paraName>Tx12_C1</paraName>
          <paraValue>0</paraValue>
        </parameter>
        <parameter>
          <paraName>Tx12_C2</paraName>
          <paraValue>0</paraValue>
        </parameter>
        <parameter>
          <paraName>Tx30_C1</paraName>
          <paraValue>0</paraValue>
        </parameter>
        <parameter>
          <paraName>Tx30_C2</paraName>
          <paraValue>0</paraValue>
        </parameter>
        <parameter>
          <paraName>Tx03_C1</paraName>
          <paraValue>0</paraValue>
        </parameter>
        <parameter>
          <paraName>Tx03_C2</paraName>
          <paraValue>0</paraValue>
        </parameter>
        <parameter>
          <paraName>Ty20_C1</paraName>
          <paraValue>0</paraValue>
        </parameter>
        <parameter>
          <paraName>Ty20_C2</paraName>
          <paraValue>0</paraValue>
        </parameter>
        <parameter>
          <paraName>Ty02_C1</paraName>
          <paraValue>0</paraValue>
        </parameter>
        <parameter>
          <paraName>Ty02_C2</paraName>
          <paraValue>0</paraValue>
        </parameter>
        <parameter>
          <paraName>Ty11_C1</paraName>
          <paraValue>0</paraValue>
        </parameter>
        <parameter>
          <paraName>Ty11_C2</paraName>
          <paraValue>0</paraValue>
        </parameter>
        <parameter>
          <paraName>Ty21_C1</paraName>
          <paraValue>0</paraValue>
        </parameter>
        <parameter>
          <paraName>Ty21_C2</paraName>
          <paraValue>0</paraValue>
        </parameter>
        <parameter>
          <paraName>Ty12_C1</paraName>
          <paraValue>0</paraValue>
        </parameter>
        <parameter>
          <paraName>Ty12_C2</paraName>
          <paraValue>0</paraValue>
        </parameter>
        <parameter>
          <paraName>Ty30_C1</paraName>
          <paraValue>0</paraValue>
        </parameter>
        <parameter>
          <paraName>Ty30_C2</paraName>
          <paraValue>0</paraValue>
        </parameter>
        <parameter>
          <paraName>Ty03_C1</paraName>
          <paraValue>0</paraValue>
        </parameter>
        <parameter>
          <paraName>Ty03_C2</paraName>
          <paraValue>0</paraValue>
        </parameter>
        <parameter>
          <paraName>K7_C1</paraName>
          <paraValue>0</paraValue>
        </parameter>
        <parameter>
          <paraName>K7_C2</paraName>
          <paraValue>0</paraValue>
        </parameter>
        <parameter>
          <paraName>K8_C1</paraName>
          <paraValue>0</paraValue>
        </parameter>
        <parameter>
          <paraName>K8_C2</paraName>
          <paraValue>0</paraValue>
        </parameter>
        <parameter>
          <paraName>K9_C1</paraName>
          <paraValue>0</paraValue>
        </parameter>
        <parameter>
          <paraName>K9_C2</paraName>
          <paraValue>0</paraValue>
        </parameter>
        <parameter>
          <paraName>K10_C1</paraName>
          <paraValue>0</paraValue>
        </parameter>
        <parameter>
          <paraName>K10_C2</paraName>
          <paraValue>0</paraValue>
        </parameter>
        <parameter>
          <paraName>K11_C1</paraName>
          <paraValue>0</paraValue>
        </parameter>
        <parameter>
          <paraName>K11_C2</paraName>
          <paraValue>0</paraValue>
        </parameter>
        <parameter>
          <paraName>K12_C1</paraName>
          <paraValue>0</paraValue>
        </parameter>
        <parameter>
          <paraName>K12_C2</paraName>
          <paraValue>0</paraValue>
        </parameter>
        <parameter>
          <paraName>K13_C1</paraName>
          <paraValue>0</paraValue>
        </parameter>
        <parameter>
          <paraName>K13_C2</paraName>
          <paraValue>0</paraValue>
        </parameter>
        <parameter>
          <paraName>K14_C1</paraName>
          <paraValue>0</paraValue>
        </parameter>
        <parameter>
          <paraName>K14_C2</paraName>
          <paraValue>0</paraValue>
        </parameter>
        <parameter>
          <paraName>K15_C1</paraName>
          <paraValue>0</paraValue>
        </parameter>
        <parameter>
          <paraName>K15_C2</paraName>
          <paraValue>0</paraValue>
        </parameter>
        <parameter>
          <paraName>K16_C1</paraName>
          <paraValue>0</paraValue>
        </parameter>
        <parameter>
          <paraName>K16_C2</paraName>
          <paraValue>0</paraValue>
        </parameter>
        <parameter>
          <paraName>K17_C1</paraName>
          <paraValue>0</paraValue>
        </parameter>
        <parameter>
          <paraName>K17_C2</paraName>
          <paraValue>0</paraValue>
        </parameter>
        <parameter>
          <paraName>K18_C1</paraName>
          <paraValue>0</paraValue>
        </parameter>
        <parameter>
          <paraName>K18_C2</paraName>
          <paraValue>0</paraValue>
        </parameter>
        <parameter>
          <paraName>K19_C1</paraName>
          <paraValue>0</paraValue>
        </parameter>
        <parameter>
          <paraName>K19_C2</paraName>
          <paraValue>0</paraValue>
        </parameter>
        <parameter>
          <paraName>K20_C1</paraName>
          <paraValue>0</paraValue>
        </parameter>
        <parameter>
          <paraName>K20_C2</paraName>
          <paraValue>0</paraValue>
        </parameter>
      </lotProcessedValues>
      <waferProcessedValues>
        <wafer>
          <waferId>A870132#01</waferId>
          <slotId>001</slotId>
          <processedChambers />
          <parameter />
        </wafer>
        <wafer>
          <waferId>A870132#02</waferId>
          <slotId>002</slotId>
          <processedChambers />
          <parameter />
        </wafer>
        <wafer>
          <waferId>A870132#03</waferId>
          <slotId>003</slotId>
          <processedChambers />
          <parameter />
        </wafer>
        <wafer>
          <waferId>A870132#04</waferId>
          <slotId>004</slotId>
          <processedChambers />
          <parameter />
        </wafer>
        <wafer>
          <waferId>A870132#05</waferId>
          <slotId>005</slotId>
          <processedChambers />
          <parameter />
        </wafer>
        <wafer>
          <waferId>A870132#06</waferId>
          <slotId>006</slotId>
          <processedChambers />
          <parameter />
        </wafer>
        <wafer>
          <waferId>A870132#07</waferId>
          <slotId>007</slotId>
          <processedChambers />
          <parameter />
        </wafer>
        <wafer>
          <waferId>A870132#08</waferId>
          <slotId>008</slotId>
          <processedChambers />
          <parameter />
        </wafer>
        <wafer>
          <waferId>A870132#09</waferId>
          <slotId>009</slotId>
          <processedChambers />
          <parameter />
        </wafer>
        <wafer>
          <waferId>A870132#10</waferId>
          <slotId>010</slotId>
          <processedChambers />
          <parameter />
        </wafer>
        <wafer>
          <waferId>A870132#11</waferId>
          <slotId>011</slotId>
          <processedChambers />
          <parameter />
        </wafer>
        <wafer>
          <waferId>A870132#12</waferId>
          <slotId>012</slotId>
          <processedChambers />
          <parameter />
        </wafer>
        <wafer>
          <waferId>A870132#13</waferId>
          <slotId>013</slotId>
          <processedChambers />
          <parameter />
        </wafer>
        <wafer>
          <waferId>A870132#14</waferId>
          <slotId>014</slotId>
          <processedChambers />
          <parameter />
        </wafer>
        <wafer>
          <waferId>A870132#15</waferId>
          <slotId>015</slotId>
          <processedChambers />
          <parameter />
        </wafer>
        <wafer>
          <waferId>A870132#16</waferId>
          <slotId>016</slotId>
          <processedChambers />
          <parameter />
        </wafer>
        <wafer>
          <waferId>A870132#17</waferId>
          <slotId>017</slotId>
          <processedChambers />
          <parameter />
        </wafer>
        <wafer>
          <waferId>A870132#18</waferId>
          <slotId>018</slotId>
          <processedChambers />
          <parameter />
        </wafer>
        <wafer>
          <waferId>A870132#19</waferId>
          <slotId>019</slotId>
          <processedChambers />
          <parameter />
        </wafer>
        <wafer>
          <waferId>A870132#20</waferId>
          <slotId>020</slotId>
          <processedChambers />
          <parameter />
        </wafer>
        <wafer>
          <waferId>A870132#21</waferId>
          <slotId>021</slotId>
          <processedChambers />
          <parameter />
        </wafer>
        <wafer>
          <waferId>A870132#22</waferId>
          <slotId>022</slotId>
          <processedChambers />
          <parameter />
        </wafer>
        <wafer>
          <waferId>A870132#23</waferId>
          <slotId>023</slotId>
          <processedChambers />
          <parameter />
        </wafer>
        <wafer>
          <waferId>A870132#24</waferId>
          <slotId>024</slotId>
          <processedChambers />
          <parameter />
        </wafer>
        <wafer>
          <waferId>A870132#25</waferId>
          <slotId>025</slotId>
          <processedChambers />
          <parameter />
        </wafer>
      </waferProcessedValues>
    </lot>
  </msgBody>
</msg>