<?xml version="1.0" encoding="GB2312"?>
<msg>
  <rvHeader>
    <source>
      <application>Y1.MES</application>
      <msgBus>MBX</msgBus>
      <domain>Y1</domain>
      <address>FWSRVdefault</address>
    </source>
    <destination>
      <application>Y1.R2R</application>
      <msgBus>TibRv</msgBus>
      <domain>Y1</domain>
      <address>YMTCQATEST.R2R.MES.&gt;</address>
    </destination>
    <replyApplication>
      <addressNo>2</addressNo>
      <address applicationName="Y1.MES" seq="1">replyBox.11719</address>
      <address applicationName="Y1.MES" seq="2">YMTCQATEST.XMLCOMMSRV_REPLY.YMTCTEST.MES_MBX_QATEST</address>
    </replyApplication>
  </rvHeader>
  <msgHeader>
    <srvAddr />
    <reqAddr>YMTCTEST.11643.Metrology.20180706094412905</reqAddr>
    <msgOwner />
    <srvMethod>Metrology</srvMethod>
    <srvId />
    <timeStamp>20180706 094412</timeStamp>
    <timeOut>0</timeOut>
    <txId>36062</txId>
    <locale>EN</locale>
    <retCode>0</retCode>
    <retMsg />
  </msgHeader>
  <msgBody>
    <eventName>Metrology</eventName>
    <fabName>A</fabName>
    <eqpId>UMOVL01</eqpId>
    <area>AMAT</area>
    <batchId />
    <lotCnt>1</lotCnt>
    <lot>
      <lotId>A870132</lotId>
      <lotType>E1</lotType>
      <lotQty>25</lotQty>
      <motherLot>A870132</motherLot>
      <rootLotId>A870132</rootLotId>
      <area>AMAT</area>
      <fabName>A</fabName>
      <technology>24nm</technology>
      <productId>LITHOPRD.0</productId>
      <productType>Production</productType>
      <planId>LITHO-TOP.1</planId>
      <subPlanId>LITHO-SUB01.0</subPlanId>
      <metrologyStepName>UMOVL-01</metrologyStepName>
      <metrologyStepSequence>00008.10.00020</metrologyStepSequence>
      <stage>LITHO-L1</stage>
      <metrololgyRecipeName>OVL01_618</metrololgyRecipeName>
      <metrologyLayerName>618</metrologyLayerName>
      <rework>Normal</rework>
      <reworkCnt>0</reworkCnt>
      <metrologyToolName>UMOVL01</metrologyToolName>
      <processingStatus>WaitingForUI</processingStatus>
      <pilotFlag>N</pilotFlag>
      <runcardFlag>N</runcardFlag>
      <r2rMode>OVL_ON</r2rMode>
      <waferIds>A870132#01,A870132#25</waferIds>
      <slotIds>1,1,1,1,001,1,1,1,1,001,1,1,1,001,1,1,1,1,1,1,1,1,1,1,1,1,1,1,1,1,1,1,1,1,1,1,1,1,1,1,1,1,001,1,1,1,1,1,1,1,1,1,1,1,1,1,1,1,1,1,1,1,1,1,1,1,1,1,1,1,1,1,1,1,1,1,1</slotIds>
      <wafer>
        <waferId>A870132#01</waferId>
        <parameter>
          <name>OVLMEA01</name>
          <target>20</target>
          <upperSpecLimit>30</upperSpecLimit>
          <lowerSpecLimit>10</lowerSpecLimit>
          <site>
            <index>1</index>
            <value>20</value>
            <oos>N</oos>
          </site>
        </parameter>
        <parameter>
          <name>EXP_X_C1</name>
          <target>20</target>
          <upperSpecLimit>30</upperSpecLimit>
          <lowerSpecLimit>10</lowerSpecLimit>
          <site>
            <index>1</index>
            <value>20</value>
            <oos>N</oos>
          </site>
        </parameter>
        <parameter>
          <name>EXP_X_C2</name>
          <target>20</target>
          <upperSpecLimit>30</upperSpecLimit>
          <lowerSpecLimit>10</lowerSpecLimit>
          <site>
            <index>1</index>
            <value>20</value>
            <oos>N</oos>
          </site>
        </parameter>
        <parameter>
          <name>EXP_Y_C1</name>
          <target>20</target>
          <upperSpecLimit>30</upperSpecLimit>
          <lowerSpecLimit>10</lowerSpecLimit>
          <site>
            <index>1</index>
            <value>20</value>
            <oos>N</oos>
          </site>
        </parameter>
        <parameter>
          <name>EXP_Y_C2</name>
          <target>20</target>
          <upperSpecLimit>30</upperSpecLimit>
          <lowerSpecLimit>10</lowerSpecLimit>
          <site>
            <index>1</index>
            <value>20</value>
            <oos>N</oos>
          </site>
        </parameter>
        <parameter>
          <name>NON_ORT_C1</name>
          <target>20</target>
          <upperSpecLimit>30</upperSpecLimit>
          <lowerSpecLimit>10</lowerSpecLimit>
          <site>
            <index>1</index>
            <value>20</value>
            <oos>N</oos>
          </site>
        </parameter>
        <parameter>
          <name>NON_ORT_C2</name>
          <target>20</target>
          <upperSpecLimit>30</upperSpecLimit>
          <lowerSpecLimit>10</lowerSpecLimit>
          <site>
            <index>1</index>
            <value>20</value>
            <oos>N</oos>
          </site>
        </parameter>
        <parameter>
          <name>WFR_ROT_C1</name>
          <target>20</target>
          <upperSpecLimit>30</upperSpecLimit>
          <lowerSpecLimit>10</lowerSpecLimit>
          <site>
            <index>1</index>
            <value>20</value>
            <oos>N</oos>
          </site>
        </parameter>
        <parameter>
          <name>WFR_ROT_C2</name>
          <target>20</target>
          <upperSpecLimit>30</upperSpecLimit>
          <lowerSpecLimit>10</lowerSpecLimit>
          <site>
            <index>1</index>
            <value>20</value>
            <oos>N</oos>
          </site>
        </parameter>
        <parameter>
          <name>TRANS_X_C1</name>
          <target>20</target>
          <upperSpecLimit>30</upperSpecLimit>
          <lowerSpecLimit>10</lowerSpecLimit>
          <site>
            <index>1</index>
            <value>20</value>
            <oos>N</oos>
          </site>
        </parameter>
        <parameter>
          <name>TRANS_X_C2</name>
          <target>20</target>
          <upperSpecLimit>30</upperSpecLimit>
          <lowerSpecLimit>10</lowerSpecLimit>
          <site>
            <index>1</index>
            <value>20</value>
            <oos>N</oos>
          </site>
        </parameter>
        <parameter>
          <name>TRANS_Y_C1</name>
          <target>20</target>
          <upperSpecLimit>30</upperSpecLimit>
          <lowerSpecLimit>10</lowerSpecLimit>
          <site>
            <index>1</index>
            <value>20</value>
            <oos>N</oos>
          </site>
        </parameter>
        <parameter>
          <name>TRANS_Y_C2</name>
          <target>20</target>
          <upperSpecLimit>30</upperSpecLimit>
          <lowerSpecLimit>10</lowerSpecLimit>
          <site>
            <index>1</index>
            <value>20</value>
            <oos>N</oos>
          </site>
        </parameter>
        <parameter>
          <name>ASYM_MAG_C1</name>
          <target>20</target>
          <upperSpecLimit>30</upperSpecLimit>
          <lowerSpecLimit>10</lowerSpecLimit>
          <site>
            <index>1</index>
            <value>20</value>
            <oos>N</oos>
          </site>
        </parameter>
        <parameter>
          <name>ASYM_MAG_C2</name>
          <target>20</target>
          <upperSpecLimit>30</upperSpecLimit>
          <lowerSpecLimit>10</lowerSpecLimit>
          <site>
            <index>1</index>
            <value>20</value>
            <oos>N</oos>
          </site>
        </parameter>
        <parameter>
          <name>ASYM_ROT_C1</name>
          <target>20</target>
          <upperSpecLimit>30</upperSpecLimit>
          <lowerSpecLimit>10</lowerSpecLimit>
          <site>
            <index>1</index>
            <value>20</value>
            <oos>N</oos>
          </site>
        </parameter>
        <parameter>
          <name>ASYM_ROT_C2</name>
          <target>20</target>
          <upperSpecLimit>30</upperSpecLimit>
          <lowerSpecLimit>10</lowerSpecLimit>
          <site>
            <index>1</index>
            <value>20</value>
            <oos>N</oos>
          </site>
        </parameter>
        <parameter>
          <name>SHT_MAG_C1</name>
          <target>20</target>
          <upperSpecLimit>30</upperSpecLimit>
          <lowerSpecLimit>10</lowerSpecLimit>
          <site>
            <index>1</index>
            <value>20</value>
            <oos>N</oos>
          </site>
        </parameter>
        <parameter>
          <name>SHT_MAG_C2</name>
          <target>20</target>
          <upperSpecLimit>30</upperSpecLimit>
          <lowerSpecLimit>10</lowerSpecLimit>
          <site>
            <index>1</index>
            <value>20</value>
            <oos>N</oos>
          </site>
        </parameter>
        <parameter>
          <name>SHT_ROT_C1</name>
          <target>20</target>
          <upperSpecLimit>30</upperSpecLimit>
          <lowerSpecLimit>10</lowerSpecLimit>
          <site>
            <index>1</index>
            <value>20</value>
            <oos>N</oos>
          </site>
        </parameter>
        <parameter>
          <name>SHT_ROT_C2</name>
          <target>20</target>
          <upperSpecLimit>30</upperSpecLimit>
          <lowerSpecLimit>10</lowerSpecLimit>
          <site>
            <index>1</index>
            <value>20</value>
            <oos>N</oos>
          </site>
        </parameter>
        <parameter>
          <name>Tx20_C1</name>
          <target>20</target>
          <upperSpecLimit>30</upperSpecLimit>
          <lowerSpecLimit>10</lowerSpecLimit>
          <site>
            <index>1</index>
            <value>20</value>
            <oos>N</oos>
          </site>
        </parameter>
        <parameter>
          <name>Tx20_C2</name>
          <target>20</target>
          <upperSpecLimit>30</upperSpecLimit>
          <lowerSpecLimit>10</lowerSpecLimit>
          <site>
            <index>1</index>
            <value>20</value>
            <oos>N</oos>
          </site>
        </parameter>
        <parameter>
          <name>Tx02_C1</name>
          <target>20</target>
          <upperSpecLimit>30</upperSpecLimit>
          <lowerSpecLimit>10</lowerSpecLimit>
          <site>
            <index>1</index>
            <value>20</value>
            <oos>N</oos>
          </site>
        </parameter>
        <parameter>
          <name>Tx02_C2</name>
          <target>20</target>
          <upperSpecLimit>30</upperSpecLimit>
          <lowerSpecLimit>10</lowerSpecLimit>
          <site>
            <index>1</index>
            <value>20</value>
            <oos>N</oos>
          </site>
        </parameter>
        <parameter>
          <name>Tx11_C1</name>
          <target>20</target>
          <upperSpecLimit>30</upperSpecLimit>
          <lowerSpecLimit>10</lowerSpecLimit>
          <site>
            <index>1</index>
            <value>20</value>
            <oos>N</oos>
          </site>
        </parameter>
        <parameter>
          <name>Tx11_C2</name>
          <target>20</target>
          <upperSpecLimit>30</upperSpecLimit>
          <lowerSpecLimit>10</lowerSpecLimit>
          <site>
            <index>1</index>
            <value>20</value>
            <oos>N</oos>
          </site>
        </parameter>
        <parameter>
          <name>Tx21_C1</name>
          <target>20</target>
          <upperSpecLimit>30</upperSpecLimit>
          <lowerSpecLimit>10</lowerSpecLimit>
          <site>
            <index>1</index>
            <value>20</value>
            <oos>N</oos>
          </site>
        </parameter>
        <parameter>
          <name>Tx21_C2</name>
          <target>20</target>
          <upperSpecLimit>30</upperSpecLimit>
          <lowerSpecLimit>10</lowerSpecLimit>
          <site>
            <index>1</index>
            <value>20</value>
            <oos>N</oos>
          </site>
        </parameter>
        <parameter>
          <name>Tx12_C1</name>
          <target>20</target>
          <upperSpecLimit>30</upperSpecLimit>
          <lowerSpecLimit>10</lowerSpecLimit>
          <site>
            <index>1</index>
            <value>20</value>
            <oos>N</oos>
          </site>
        </parameter>
        <parameter>
          <name>Tx12_C2</name>
          <target>20</target>
          <upperSpecLimit>30</upperSpecLimit>
          <lowerSpecLimit>10</lowerSpecLimit>
          <site>
            <index>1</index>
            <value>20</value>
            <oos>N</oos>
          </site>
        </parameter>
        <parameter>
          <name>Tx30_C1</name>
          <target>20</target>
          <upperSpecLimit>30</upperSpecLimit>
          <lowerSpecLimit>10</lowerSpecLimit>
          <site>
            <index>1</index>
            <value>20</value>
            <oos>N</oos>
          </site>
        </parameter>
        <parameter>
          <name>Tx30_C2</name>
          <target>20</target>
          <upperSpecLimit>30</upperSpecLimit>
          <lowerSpecLimit>10</lowerSpecLimit>
          <site>
            <index>1</index>
            <value>20</value>
            <oos>N</oos>
          </site>
        </parameter>
        <parameter>
          <name>Tx03_C1</name>
          <target>20</target>
          <upperSpecLimit>30</upperSpecLimit>
          <lowerSpecLimit>10</lowerSpecLimit>
          <site>
            <index>1</index>
            <value>20</value>
            <oos>N</oos>
          </site>
        </parameter>
        <parameter>
          <name>Tx03_C2</name>
          <target>20</target>
          <upperSpecLimit>30</upperSpecLimit>
          <lowerSpecLimit>10</lowerSpecLimit>
          <site>
            <index>1</index>
            <value>20</value>
            <oos>N</oos>
          </site>
        </parameter>
        <parameter>
          <name>Ty20_C1</name>
          <target>20</target>
          <upperSpecLimit>30</upperSpecLimit>
          <lowerSpecLimit>10</lowerSpecLimit>
          <site>
            <index>1</index>
            <value>20</value>
            <oos>N</oos>
          </site>
        </parameter>
        <parameter>
          <name>Ty20_C2</name>
          <target>20</target>
          <upperSpecLimit>30</upperSpecLimit>
          <lowerSpecLimit>10</lowerSpecLimit>
          <site>
            <index>1</index>
            <value>20</value>
            <oos>N</oos>
          </site>
        </parameter>
        <parameter>
          <name>Ty02_C1</name>
          <target>20</target>
          <upperSpecLimit>30</upperSpecLimit>
          <lowerSpecLimit>10</lowerSpecLimit>
          <site>
            <index>1</index>
            <value>20</value>
            <oos>N</oos>
          </site>
        </parameter>
        <parameter>
          <name>Ty02_C2</name>
          <target>20</target>
          <upperSpecLimit>30</upperSpecLimit>
          <lowerSpecLimit>10</lowerSpecLimit>
          <site>
            <index>1</index>
            <value>20</value>
            <oos>N</oos>
          </site>
        </parameter>
        <parameter>
          <name>Ty11_C1</name>
          <target>20</target>
          <upperSpecLimit>30</upperSpecLimit>
          <lowerSpecLimit>10</lowerSpecLimit>
          <site>
            <index>1</index>
            <value>20</value>
            <oos>N</oos>
          </site>
        </parameter>
        <parameter>
          <name>Ty11_C2</name>
          <target>20</target>
          <upperSpecLimit>30</upperSpecLimit>
          <lowerSpecLimit>10</lowerSpecLimit>
          <site>
            <index>1</index>
            <value>20</value>
            <oos>N</oos>
          </site>
        </parameter>
        <parameter>
          <name>Ty21_C1</name>
          <target>20</target>
          <upperSpecLimit>30</upperSpecLimit>
          <lowerSpecLimit>10</lowerSpecLimit>
          <site>
            <index>1</index>
            <value>20</value>
            <oos>N</oos>
          </site>
        </parameter>
        <parameter>
          <name>Ty21_C2</name>
          <target>20</target>
          <upperSpecLimit>30</upperSpecLimit>
          <lowerSpecLimit>10</lowerSpecLimit>
          <site>
            <index>1</index>
            <value>20</value>
            <oos>N</oos>
          </site>
        </parameter>
        <parameter>
          <name>Ty12_C1</name>
          <target>20</target>
          <upperSpecLimit>30</upperSpecLimit>
          <lowerSpecLimit>10</lowerSpecLimit>
          <site>
            <index>1</index>
            <value>20</value>
            <oos>N</oos>
          </site>
        </parameter>
        <parameter>
          <name>Ty12_C2</name>
          <target>20</target>
          <upperSpecLimit>30</upperSpecLimit>
          <lowerSpecLimit>10</lowerSpecLimit>
          <site>
            <index>1</index>
            <value>20</value>
            <oos>N</oos>
          </site>
        </parameter>
        <parameter>
          <name>Ty30_C1</name>
          <target>20</target>
          <upperSpecLimit>30</upperSpecLimit>
          <lowerSpecLimit>10</lowerSpecLimit>
          <site>
            <index>1</index>
            <value>20</value>
            <oos>N</oos>
          </site>
        </parameter>
        <parameter>
          <name>Ty30_C2</name>
          <target>20</target>
          <upperSpecLimit>30</upperSpecLimit>
          <lowerSpecLimit>10</lowerSpecLimit>
          <site>
            <index>1</index>
            <value>20</value>
            <oos>N</oos>
          </site>
        </parameter>
        <parameter>
          <name>Ty03_C1</name>
          <target>20</target>
          <upperSpecLimit>30</upperSpecLimit>
          <lowerSpecLimit>10</lowerSpecLimit>
          <site>
            <index>1</index>
            <value>20</value>
            <oos>N</oos>
          </site>
        </parameter>
        <parameter>
          <name>Ty03_C2</name>
          <target>20</target>
          <upperSpecLimit>30</upperSpecLimit>
          <lowerSpecLimit>10</lowerSpecLimit>
          <site>
            <index>1</index>
            <value>20</value>
            <oos>N</oos>
          </site>
        </parameter>
        <parameter>
          <name>K7_C1</name>
          <target>20</target>
          <upperSpecLimit>9999</upperSpecLimit>
          <lowerSpecLimit>0</lowerSpecLimit>
          <site>
            <index>1</index>
            <value>20</value>
            <oos>N</oos>
          </site>
        </parameter>
        <parameter>
          <name>K7_C2</name>
          <target>20</target>
          <upperSpecLimit>9999</upperSpecLimit>
          <lowerSpecLimit>0</lowerSpecLimit>
          <site>
            <index>1</index>
            <value>20</value>
            <oos>N</oos>
          </site>
        </parameter>
        <parameter>
          <name>K8_C1</name>
          <target>20</target>
          <upperSpecLimit>9999</upperSpecLimit>
          <lowerSpecLimit>0</lowerSpecLimit>
          <site>
            <index>1</index>
            <value>20</value>
            <oos>N</oos>
          </site>
        </parameter>
        <parameter>
          <name>K8_C2</name>
          <target>20</target>
          <upperSpecLimit>9999</upperSpecLimit>
          <lowerSpecLimit>0</lowerSpecLimit>
          <site>
            <index>1</index>
            <value>20</value>
            <oos>N</oos>
          </site>
        </parameter>
        <parameter>
          <name>K9_C1</name>
          <target>20</target>
          <upperSpecLimit>30</upperSpecLimit>
          <lowerSpecLimit>10</lowerSpecLimit>
          <site>
            <index>1</index>
            <value>20</value>
            <oos>N</oos>
          </site>
        </parameter>
        <parameter>
          <name>K9_C2</name>
          <target>20</target>
          <upperSpecLimit>30</upperSpecLimit>
          <lowerSpecLimit>10</lowerSpecLimit>
          <site>
            <index>1</index>
            <value>20</value>
            <oos>N</oos>
          </site>
        </parameter>
        <parameter>
          <name>K10_C1</name>
          <target>20</target>
          <upperSpecLimit>30</upperSpecLimit>
          <lowerSpecLimit>10</lowerSpecLimit>
          <site>
            <index>1</index>
            <value>20</value>
            <oos>N</oos>
          </site>
        </parameter>
        <parameter>
          <name>K10_C2</name>
          <target>20</target>
          <upperSpecLimit>30</upperSpecLimit>
          <lowerSpecLimit>10</lowerSpecLimit>
          <site>
            <index>1</index>
            <value>20</value>
            <oos>N</oos>
          </site>
        </parameter>
        <parameter>
          <name>K11_C1</name>
          <target>20</target>
          <upperSpecLimit>30</upperSpecLimit>
          <lowerSpecLimit>10</lowerSpecLimit>
          <site>
            <index>1</index>
            <value>20</value>
            <oos>N</oos>
          </site>
        </parameter>
        <parameter>
          <name>K11_C2</name>
          <target>20</target>
          <upperSpecLimit>30</upperSpecLimit>
          <lowerSpecLimit>10</lowerSpecLimit>
          <site>
            <index>1</index>
            <value>20</value>
            <oos>N</oos>
          </site>
        </parameter>
        <parameter>
          <name>K12_C1</name>
          <target>20</target>
          <upperSpecLimit>30</upperSpecLimit>
          <lowerSpecLimit>10</lowerSpecLimit>
          <site>
            <index>1</index>
            <value>20</value>
            <oos>N</oos>
          </site>
        </parameter>
        <parameter>
          <name>K12_C2</name>
          <target>20</target>
          <upperSpecLimit>30</upperSpecLimit>
          <lowerSpecLimit>10</lowerSpecLimit>
          <site>
            <index>1</index>
            <value>20</value>
            <oos>N</oos>
          </site>
        </parameter>
        <parameter>
          <name>K13_C1</name>
          <target>20</target>
          <upperSpecLimit>30</upperSpecLimit>
          <lowerSpecLimit>10</lowerSpecLimit>
          <site>
            <index>1</index>
            <value>20</value>
            <oos>N</oos>
          </site>
        </parameter>
        <parameter>
          <name>K13_C2</name>
          <target>20</target>
          <upperSpecLimit>30</upperSpecLimit>
          <lowerSpecLimit>10</lowerSpecLimit>
          <site>
            <index>1</index>
            <value>20</value>
            <oos>N</oos>
          </site>
        </parameter>
        <parameter>
          <name>K14_C1</name>
          <target>20</target>
          <upperSpecLimit>30</upperSpecLimit>
          <lowerSpecLimit>10</lowerSpecLimit>
          <site>
            <index>1</index>
            <value>20</value>
            <oos>N</oos>
          </site>
        </parameter>
        <parameter>
          <name>K14_C2</name>
          <target>20</target>
          <upperSpecLimit>30</upperSpecLimit>
          <lowerSpecLimit>10</lowerSpecLimit>
          <site>
            <index>1</index>
            <value>20</value>
            <oos>N</oos>
          </site>
        </parameter>
        <parameter>
          <name>K15_C1</name>
          <target>20</target>
          <upperSpecLimit>30</upperSpecLimit>
          <lowerSpecLimit>10</lowerSpecLimit>
          <site>
            <index>1</index>
            <value>20</value>
            <oos>N</oos>
          </site>
        </parameter>
        <parameter>
          <name>K15_C2</name>
          <target>20</target>
          <upperSpecLimit>30</upperSpecLimit>
          <lowerSpecLimit>10</lowerSpecLimit>
          <site>
            <index>1</index>
            <value>20</value>
            <oos>N</oos>
          </site>
        </parameter>
        <parameter>
          <name>K16_C1</name>
          <target>20</target>
          <upperSpecLimit>30</upperSpecLimit>
          <lowerSpecLimit>10</lowerSpecLimit>
          <site>
            <index>1</index>
            <value>20</value>
            <oos>N</oos>
          </site>
        </parameter>
        <parameter>
          <name>K16_C2</name>
          <target>20</target>
          <upperSpecLimit>30</upperSpecLimit>
          <lowerSpecLimit>10</lowerSpecLimit>
          <site>
            <index>1</index>
            <value>20</value>
            <oos>N</oos>
          </site>
        </parameter>
        <parameter>
          <name>K17_C1</name>
          <target>20</target>
          <upperSpecLimit>30</upperSpecLimit>
          <lowerSpecLimit>10</lowerSpecLimit>
          <site>
            <index>1</index>
            <value>20</value>
            <oos>N</oos>
          </site>
        </parameter>
        <parameter>
          <name>K17_C2</name>
          <target>20</target>
          <upperSpecLimit>30</upperSpecLimit>
          <lowerSpecLimit>10</lowerSpecLimit>
          <site>
            <index>1</index>
            <value>20</value>
            <oos>N</oos>
          </site>
        </parameter>
        <parameter>
          <name>K18_C1</name>
          <target>20</target>
          <upperSpecLimit>30</upperSpecLimit>
          <lowerSpecLimit>10</lowerSpecLimit>
          <site>
            <index>1</index>
            <value>20</value>
            <oos>N</oos>
          </site>
        </parameter>
        <parameter>
          <name>K18_C2</name>
          <target>20</target>
          <upperSpecLimit>30</upperSpecLimit>
          <lowerSpecLimit>10</lowerSpecLimit>
          <site>
            <index>1</index>
            <value>20</value>
            <oos>N</oos>
          </site>
        </parameter>
        <parameter>
          <name>K19_C1</name>
          <target>20</target>
          <upperSpecLimit>30</upperSpecLimit>
          <lowerSpecLimit>10</lowerSpecLimit>
          <site>
            <index>1</index>
            <value>20</value>
            <oos>N</oos>
          </site>
        </parameter>
        <parameter>
          <name>K19_C2</name>
          <target>20</target>
          <upperSpecLimit>30</upperSpecLimit>
          <lowerSpecLimit>10</lowerSpecLimit>
          <site>
            <index>1</index>
            <value>20</value>
            <oos>N</oos>
          </site>
        </parameter>
        <parameter>
          <name>K20_C1</name>
          <target>20</target>
          <upperSpecLimit>30</upperSpecLimit>
          <lowerSpecLimit>10</lowerSpecLimit>
          <site>
            <index>1</index>
            <value>20</value>
            <oos>N</oos>
          </site>
        </parameter>
        <parameter>
          <name>K20_C2</name>
          <target>20</target>
          <upperSpecLimit>30</upperSpecLimit>
          <lowerSpecLimit>10</lowerSpecLimit>
          <site>
            <index>1</index>
            <value>20</value>
            <oos>N</oos>
          </site>
        </parameter>
      </wafer>
      <wafer>
        <waferId>A870132#25</waferId>
        <parameter>
          <name>OVLMEA01</name>
          <target>20</target>
          <upperSpecLimit>30</upperSpecLimit>
          <lowerSpecLimit>10</lowerSpecLimit>
          <site>
            <index>1</index>
            <value>20</value>
            <oos>N</oos>
          </site>
        </parameter>
        <parameter>
          <name>EXP_X_C1</name>
          <target>20</target>
          <upperSpecLimit>30</upperSpecLimit>
          <lowerSpecLimit>10</lowerSpecLimit>
          <site>
            <index>1</index>
            <value>20</value>
            <oos>N</oos>
          </site>
        </parameter>
        <parameter>
          <name>EXP_X_C2</name>
          <target>20</target>
          <upperSpecLimit>30</upperSpecLimit>
          <lowerSpecLimit>10</lowerSpecLimit>
          <site>
            <index>1</index>
            <value>20</value>
            <oos>N</oos>
          </site>
        </parameter>
        <parameter>
          <name>EXP_Y_C1</name>
          <target>20</target>
          <upperSpecLimit>30</upperSpecLimit>
          <lowerSpecLimit>10</lowerSpecLimit>
          <site>
            <index>1</index>
            <value>20</value>
            <oos>N</oos>
          </site>
        </parameter>
        <parameter>
          <name>EXP_Y_C2</name>
          <target>20</target>
          <upperSpecLimit>30</upperSpecLimit>
          <lowerSpecLimit>10</lowerSpecLimit>
          <site>
            <index>1</index>
            <value>20</value>
            <oos>N</oos>
          </site>
        </parameter>
        <parameter>
          <name>NON_ORT_C1</name>
          <target>20</target>
          <upperSpecLimit>30</upperSpecLimit>
          <lowerSpecLimit>10</lowerSpecLimit>
          <site>
            <index>1</index>
            <value>20</value>
            <oos>N</oos>
          </site>
        </parameter>
        <parameter>
          <name>NON_ORT_C2</name>
          <target>20</target>
          <upperSpecLimit>30</upperSpecLimit>
          <lowerSpecLimit>10</lowerSpecLimit>
          <site>
            <index>1</index>
            <value>20</value>
            <oos>N</oos>
          </site>
        </parameter>
        <parameter>
          <name>WFR_ROT_C1</name>
          <target>20</target>
          <upperSpecLimit>30</upperSpecLimit>
          <lowerSpecLimit>10</lowerSpecLimit>
          <site>
            <index>1</index>
            <value>20</value>
            <oos>N</oos>
          </site>
        </parameter>
        <parameter>
          <name>WFR_ROT_C2</name>
          <target>20</target>
          <upperSpecLimit>30</upperSpecLimit>
          <lowerSpecLimit>10</lowerSpecLimit>
          <site>
            <index>1</index>
            <value>20</value>
            <oos>N</oos>
          </site>
        </parameter>
        <parameter>
          <name>TRANS_X_C1</name>
          <target>20</target>
          <upperSpecLimit>30</upperSpecLimit>
          <lowerSpecLimit>10</lowerSpecLimit>
          <site>
            <index>1</index>
            <value>20</value>
            <oos>N</oos>
          </site>
        </parameter>
        <parameter>
          <name>TRANS_X_C2</name>
          <target>20</target>
          <upperSpecLimit>30</upperSpecLimit>
          <lowerSpecLimit>10</lowerSpecLimit>
          <site>
            <index>1</index>
            <value>20</value>
            <oos>N</oos>
          </site>
        </parameter>
        <parameter>
          <name>TRANS_Y_C1</name>
          <target>20</target>
          <upperSpecLimit>30</upperSpecLimit>
          <lowerSpecLimit>10</lowerSpecLimit>
          <site>
            <index>1</index>
            <value>20</value>
            <oos>N</oos>
          </site>
        </parameter>
        <parameter>
          <name>TRANS_Y_C2</name>
          <target>20</target>
          <upperSpecLimit>30</upperSpecLimit>
          <lowerSpecLimit>10</lowerSpecLimit>
          <site>
            <index>1</index>
            <value>20</value>
            <oos>N</oos>
          </site>
        </parameter>
        <parameter>
          <name>ASYM_MAG_C1</name>
          <target>20</target>
          <upperSpecLimit>30</upperSpecLimit>
          <lowerSpecLimit>10</lowerSpecLimit>
          <site>
            <index>1</index>
            <value>20</value>
            <oos>N</oos>
          </site>
        </parameter>
        <parameter>
          <name>ASYM_MAG_C2</name>
          <target>20</target>
          <upperSpecLimit>30</upperSpecLimit>
          <lowerSpecLimit>10</lowerSpecLimit>
          <site>
            <index>1</index>
            <value>20</value>
            <oos>N</oos>
          </site>
        </parameter>
        <parameter>
          <name>ASYM_ROT_C1</name>
          <target>20</target>
          <upperSpecLimit>30</upperSpecLimit>
          <lowerSpecLimit>10</lowerSpecLimit>
          <site>
            <index>1</index>
            <value>20</value>
            <oos>N</oos>
          </site>
        </parameter>
        <parameter>
          <name>ASYM_ROT_C2</name>
          <target>20</target>
          <upperSpecLimit>30</upperSpecLimit>
          <lowerSpecLimit>10</lowerSpecLimit>
          <site>
            <index>1</index>
            <value>20</value>
            <oos>N</oos>
          </site>
        </parameter>
        <parameter>
          <name>SHT_MAG_C1</name>
          <target>20</target>
          <upperSpecLimit>30</upperSpecLimit>
          <lowerSpecLimit>10</lowerSpecLimit>
          <site>
            <index>1</index>
            <value>20</value>
            <oos>N</oos>
          </site>
        </parameter>
        <parameter>
          <name>SHT_MAG_C2</name>
          <target>20</target>
          <upperSpecLimit>30</upperSpecLimit>
          <lowerSpecLimit>10</lowerSpecLimit>
          <site>
            <index>1</index>
            <value>20</value>
            <oos>N</oos>
          </site>
        </parameter>
        <parameter>
          <name>SHT_ROT_C1</name>
          <target>20</target>
          <upperSpecLimit>30</upperSpecLimit>
          <lowerSpecLimit>10</lowerSpecLimit>
          <site>
            <index>1</index>
            <value>20</value>
            <oos>N</oos>
          </site>
        </parameter>
        <parameter>
          <name>SHT_ROT_C2</name>
          <target>20</target>
          <upperSpecLimit>30</upperSpecLimit>
          <lowerSpecLimit>10</lowerSpecLimit>
          <site>
            <index>1</index>
            <value>20</value>
            <oos>N</oos>
          </site>
        </parameter>
        <parameter>
          <name>Tx20_C1</name>
          <target>20</target>
          <upperSpecLimit>30</upperSpecLimit>
          <lowerSpecLimit>10</lowerSpecLimit>
          <site>
            <index>1</index>
            <value>20</value>
            <oos>N</oos>
          </site>
        </parameter>
        <parameter>
          <name>Tx20_C2</name>
          <target>20</target>
          <upperSpecLimit>30</upperSpecLimit>
          <lowerSpecLimit>10</lowerSpecLimit>
          <site>
            <index>1</index>
            <value>20</value>
            <oos>N</oos>
          </site>
        </parameter>
        <parameter>
          <name>Tx02_C1</name>
          <target>20</target>
          <upperSpecLimit>30</upperSpecLimit>
          <lowerSpecLimit>10</lowerSpecLimit>
          <site>
            <index>1</index>
            <value>20</value>
            <oos>N</oos>
          </site>
        </parameter>
        <parameter>
          <name>Tx02_C2</name>
          <target>20</target>
          <upperSpecLimit>30</upperSpecLimit>
          <lowerSpecLimit>10</lowerSpecLimit>
          <site>
            <index>1</index>
            <value>20</value>
            <oos>N</oos>
          </site>
        </parameter>
        <parameter>
          <name>Tx11_C1</name>
          <target>20</target>
          <upperSpecLimit>30</upperSpecLimit>
          <lowerSpecLimit>10</lowerSpecLimit>
          <site>
            <index>1</index>
            <value>20</value>
            <oos>N</oos>
          </site>
        </parameter>
        <parameter>
          <name>Tx11_C2</name>
          <target>20</target>
          <upperSpecLimit>30</upperSpecLimit>
          <lowerSpecLimit>10</lowerSpecLimit>
          <site>
            <index>1</index>
            <value>20</value>
            <oos>N</oos>
          </site>
        </parameter>
        <parameter>
          <name>Tx21_C1</name>
          <target>20</target>
          <upperSpecLimit>30</upperSpecLimit>
          <lowerSpecLimit>10</lowerSpecLimit>
          <site>
            <index>1</index>
            <value>20</value>
            <oos>N</oos>
          </site>
        </parameter>
        <parameter>
          <name>Tx21_C2</name>
          <target>20</target>
          <upperSpecLimit>30</upperSpecLimit>
          <lowerSpecLimit>10</lowerSpecLimit>
          <site>
            <index>1</index>
            <value>20</value>
            <oos>N</oos>
          </site>
        </parameter>
        <parameter>
          <name>Tx12_C1</name>
          <target>20</target>
          <upperSpecLimit>30</upperSpecLimit>
          <lowerSpecLimit>10</lowerSpecLimit>
          <site>
            <index>1</index>
            <value>20</value>
            <oos>N</oos>
          </site>
        </parameter>
        <parameter>
          <name>Tx12_C2</name>
          <target>20</target>
          <upperSpecLimit>30</upperSpecLimit>
          <lowerSpecLimit>10</lowerSpecLimit>
          <site>
            <index>1</index>
            <value>20</value>
            <oos>N</oos>
          </site>
        </parameter>
        <parameter>
          <name>Tx30_C1</name>
          <target>20</target>
          <upperSpecLimit>30</upperSpecLimit>
          <lowerSpecLimit>10</lowerSpecLimit>
          <site>
            <index>1</index>
            <value>20</value>
            <oos>N</oos>
          </site>
        </parameter>
        <parameter>
          <name>Tx30_C2</name>
          <target>20</target>
          <upperSpecLimit>30</upperSpecLimit>
          <lowerSpecLimit>10</lowerSpecLimit>
          <site>
            <index>1</index>
            <value>20</value>
            <oos>N</oos>
          </site>
        </parameter>
        <parameter>
          <name>Tx03_C1</name>
          <target>20</target>
          <upperSpecLimit>30</upperSpecLimit>
          <lowerSpecLimit>10</lowerSpecLimit>
          <site>
            <index>1</index>
            <value>20</value>
            <oos>N</oos>
          </site>
        </parameter>
        <parameter>
          <name>Tx03_C2</name>
          <target>20</target>
          <upperSpecLimit>30</upperSpecLimit>
          <lowerSpecLimit>10</lowerSpecLimit>
          <site>
            <index>1</index>
            <value>20</value>
            <oos>N</oos>
          </site>
        </parameter>
        <parameter>
          <name>Ty20_C1</name>
          <target>20</target>
          <upperSpecLimit>30</upperSpecLimit>
          <lowerSpecLimit>10</lowerSpecLimit>
          <site>
            <index>1</index>
            <value>20</value>
            <oos>N</oos>
          </site>
        </parameter>
        <parameter>
          <name>Ty20_C2</name>
          <target>20</target>
          <upperSpecLimit>30</upperSpecLimit>
          <lowerSpecLimit>10</lowerSpecLimit>
          <site>
            <index>1</index>
            <value>20</value>
            <oos>N</oos>
          </site>
        </parameter>
        <parameter>
          <name>Ty02_C1</name>
          <target>20</target>
          <upperSpecLimit>30</upperSpecLimit>
          <lowerSpecLimit>10</lowerSpecLimit>
          <site>
            <index>1</index>
            <value>20</value>
            <oos>N</oos>
          </site>
        </parameter>
        <parameter>
          <name>Ty02_C2</name>
          <target>20</target>
          <upperSpecLimit>30</upperSpecLimit>
          <lowerSpecLimit>10</lowerSpecLimit>
          <site>
            <index>1</index>
            <value>20</value>
            <oos>N</oos>
          </site>
        </parameter>
        <parameter>
          <name>Ty11_C1</name>
          <target>20</target>
          <upperSpecLimit>30</upperSpecLimit>
          <lowerSpecLimit>10</lowerSpecLimit>
          <site>
            <index>1</index>
            <value>20</value>
            <oos>N</oos>
          </site>
        </parameter>
        <parameter>
          <name>Ty11_C2</name>
          <target>20</target>
          <upperSpecLimit>30</upperSpecLimit>
          <lowerSpecLimit>10</lowerSpecLimit>
          <site>
            <index>1</index>
            <value>20</value>
            <oos>N</oos>
          </site>
        </parameter>
        <parameter>
          <name>Ty21_C1</name>
          <target>20</target>
          <upperSpecLimit>30</upperSpecLimit>
          <lowerSpecLimit>10</lowerSpecLimit>
          <site>
            <index>1</index>
            <value>20</value>
            <oos>N</oos>
          </site>
        </parameter>
        <parameter>
          <name>Ty21_C2</name>
          <target>20</target>
          <upperSpecLimit>30</upperSpecLimit>
          <lowerSpecLimit>10</lowerSpecLimit>
          <site>
            <index>1</index>
            <value>20</value>
            <oos>N</oos>
          </site>
        </parameter>
        <parameter>
          <name>Ty12_C1</name>
          <target>20</target>
          <upperSpecLimit>30</upperSpecLimit>
          <lowerSpecLimit>10</lowerSpecLimit>
          <site>
            <index>1</index>
            <value>20</value>
            <oos>N</oos>
          </site>
        </parameter>
        <parameter>
          <name>Ty12_C2</name>
          <target>20</target>
          <upperSpecLimit>30</upperSpecLimit>
          <lowerSpecLimit>10</lowerSpecLimit>
          <site>
            <index>1</index>
            <value>20</value>
            <oos>N</oos>
          </site>
        </parameter>
        <parameter>
          <name>Ty30_C1</name>
          <target>20</target>
          <upperSpecLimit>30</upperSpecLimit>
          <lowerSpecLimit>10</lowerSpecLimit>
          <site>
            <index>1</index>
            <value>20</value>
            <oos>N</oos>
          </site>
        </parameter>
        <parameter>
          <name>Ty30_C2</name>
          <target>20</target>
          <upperSpecLimit>30</upperSpecLimit>
          <lowerSpecLimit>10</lowerSpecLimit>
          <site>
            <index>1</index>
            <value>20</value>
            <oos>N</oos>
          </site>
        </parameter>
        <parameter>
          <name>Ty03_C1</name>
          <target>20</target>
          <upperSpecLimit>30</upperSpecLimit>
          <lowerSpecLimit>10</lowerSpecLimit>
          <site>
            <index>1</index>
            <value>20</value>
            <oos>N</oos>
          </site>
        </parameter>
        <parameter>
          <name>Ty03_C2</name>
          <target>20</target>
          <upperSpecLimit>30</upperSpecLimit>
          <lowerSpecLimit>10</lowerSpecLimit>
          <site>
            <index>1</index>
            <value>20</value>
            <oos>N</oos>
          </site>
        </parameter>
        <parameter>
          <name>K7_C1</name>
          <target>20</target>
          <upperSpecLimit>9999</upperSpecLimit>
          <lowerSpecLimit>0</lowerSpecLimit>
          <site>
            <index>1</index>
            <value>20</value>
            <oos>N</oos>
          </site>
        </parameter>
        <parameter>
          <name>K7_C2</name>
          <target>20</target>
          <upperSpecLimit>9999</upperSpecLimit>
          <lowerSpecLimit>0</lowerSpecLimit>
          <site>
            <index>1</index>
            <value>20</value>
            <oos>N</oos>
          </site>
        </parameter>
        <parameter>
          <name>K8_C1</name>
          <target>20</target>
          <upperSpecLimit>9999</upperSpecLimit>
          <lowerSpecLimit>0</lowerSpecLimit>
          <site>
            <index>1</index>
            <value>20</value>
            <oos>N</oos>
          </site>
        </parameter>
        <parameter>
          <name>K8_C2</name>
          <target>20</target>
          <upperSpecLimit>9999</upperSpecLimit>
          <lowerSpecLimit>0</lowerSpecLimit>
          <site>
            <index>1</index>
            <value>20</value>
            <oos>N</oos>
          </site>
        </parameter>
        <parameter>
          <name>K9_C1</name>
          <target>20</target>
          <upperSpecLimit>30</upperSpecLimit>
          <lowerSpecLimit>10</lowerSpecLimit>
          <site>
            <index>1</index>
            <value>20</value>
            <oos>N</oos>
          </site>
        </parameter>
        <parameter>
          <name>K9_C2</name>
          <target>20</target>
          <upperSpecLimit>30</upperSpecLimit>
          <lowerSpecLimit>10</lowerSpecLimit>
          <site>
            <index>1</index>
            <value>20</value>
            <oos>N</oos>
          </site>
        </parameter>
        <parameter>
          <name>K10_C1</name>
          <target>20</target>
          <upperSpecLimit>30</upperSpecLimit>
          <lowerSpecLimit>10</lowerSpecLimit>
          <site>
            <index>1</index>
            <value>20</value>
            <oos>N</oos>
          </site>
        </parameter>
        <parameter>
          <name>K10_C2</name>
          <target>20</target>
          <upperSpecLimit>30</upperSpecLimit>
          <lowerSpecLimit>10</lowerSpecLimit>
          <site>
            <index>1</index>
            <value>20</value>
            <oos>N</oos>
          </site>
        </parameter>
        <parameter>
          <name>K11_C1</name>
          <target>20</target>
          <upperSpecLimit>30</upperSpecLimit>
          <lowerSpecLimit>10</lowerSpecLimit>
          <site>
            <index>1</index>
            <value>20</value>
            <oos>N</oos>
          </site>
        </parameter>
        <parameter>
          <name>K11_C2</name>
          <target>20</target>
          <upperSpecLimit>30</upperSpecLimit>
          <lowerSpecLimit>10</lowerSpecLimit>
          <site>
            <index>1</index>
            <value>20</value>
            <oos>N</oos>
          </site>
        </parameter>
        <parameter>
          <name>K12_C1</name>
          <target>20</target>
          <upperSpecLimit>30</upperSpecLimit>
          <lowerSpecLimit>10</lowerSpecLimit>
          <site>
            <index>1</index>
            <value>20</value>
            <oos>N</oos>
          </site>
        </parameter>
        <parameter>
          <name>K12_C2</name>
          <target>20</target>
          <upperSpecLimit>30</upperSpecLimit>
          <lowerSpecLimit>10</lowerSpecLimit>
          <site>
            <index>1</index>
            <value>20</value>
            <oos>N</oos>
          </site>
        </parameter>
        <parameter>
          <name>K13_C1</name>
          <target>20</target>
          <upperSpecLimit>30</upperSpecLimit>
          <lowerSpecLimit>10</lowerSpecLimit>
          <site>
            <index>1</index>
            <value>20</value>
            <oos>N</oos>
          </site>
        </parameter>
        <parameter>
          <name>K13_C2</name>
          <target>20</target>
          <upperSpecLimit>30</upperSpecLimit>
          <lowerSpecLimit>10</lowerSpecLimit>
          <site>
            <index>1</index>
            <value>20</value>
            <oos>N</oos>
          </site>
        </parameter>
        <parameter>
          <name>K14_C1</name>
          <target>20</target>
          <upperSpecLimit>30</upperSpecLimit>
          <lowerSpecLimit>10</lowerSpecLimit>
          <site>
            <index>1</index>
            <value>20</value>
            <oos>N</oos>
          </site>
        </parameter>
        <parameter>
          <name>K14_C2</name>
          <target>20</target>
          <upperSpecLimit>30</upperSpecLimit>
          <lowerSpecLimit>10</lowerSpecLimit>
          <site>
            <index>1</index>
            <value>20</value>
            <oos>N</oos>
          </site>
        </parameter>
        <parameter>
          <name>K15_C1</name>
          <target>20</target>
          <upperSpecLimit>30</upperSpecLimit>
          <lowerSpecLimit>10</lowerSpecLimit>
          <site>
            <index>1</index>
            <value>20</value>
            <oos>N</oos>
          </site>
        </parameter>
        <parameter>
          <name>K15_C2</name>
          <target>20</target>
          <upperSpecLimit>30</upperSpecLimit>
          <lowerSpecLimit>10</lowerSpecLimit>
          <site>
            <index>1</index>
            <value>20</value>
            <oos>N</oos>
          </site>
        </parameter>
        <parameter>
          <name>K16_C1</name>
          <target>20</target>
          <upperSpecLimit>30</upperSpecLimit>
          <lowerSpecLimit>10</lowerSpecLimit>
          <site>
            <index>1</index>
            <value>20</value>
            <oos>N</oos>
          </site>
        </parameter>
        <parameter>
          <name>K16_C2</name>
          <target>20</target>
          <upperSpecLimit>30</upperSpecLimit>
          <lowerSpecLimit>10</lowerSpecLimit>
          <site>
            <index>1</index>
            <value>20</value>
            <oos>N</oos>
          </site>
        </parameter>
        <parameter>
          <name>K17_C1</name>
          <target>20</target>
          <upperSpecLimit>30</upperSpecLimit>
          <lowerSpecLimit>10</lowerSpecLimit>
          <site>
            <index>1</index>
            <value>20</value>
            <oos>N</oos>
          </site>
        </parameter>
        <parameter>
          <name>K17_C2</name>
          <target>20</target>
          <upperSpecLimit>30</upperSpecLimit>
          <lowerSpecLimit>10</lowerSpecLimit>
          <site>
            <index>1</index>
            <value>20</value>
            <oos>N</oos>
          </site>
        </parameter>
        <parameter>
          <name>K18_C1</name>
          <target>20</target>
          <upperSpecLimit>30</upperSpecLimit>
          <lowerSpecLimit>10</lowerSpecLimit>
          <site>
            <index>1</index>
            <value>20</value>
            <oos>N</oos>
          </site>
        </parameter>
        <parameter>
          <name>K18_C2</name>
          <target>20</target>
          <upperSpecLimit>30</upperSpecLimit>
          <lowerSpecLimit>10</lowerSpecLimit>
          <site>
            <index>1</index>
            <value>20</value>
            <oos>N</oos>
          </site>
        </parameter>
        <parameter>
          <name>K19_C1</name>
          <target>20</target>
          <upperSpecLimit>30</upperSpecLimit>
          <lowerSpecLimit>10</lowerSpecLimit>
          <site>
            <index>1</index>
            <value>20</value>
            <oos>N</oos>
          </site>
        </parameter>
        <parameter>
          <name>K19_C2</name>
          <target>20</target>
          <upperSpecLimit>30</upperSpecLimit>
          <lowerSpecLimit>10</lowerSpecLimit>
          <site>
            <index>1</index>
            <value>20</value>
            <oos>N</oos>
          </site>
        </parameter>
        <parameter>
          <name>K20_C1</name>
          <target>20</target>
          <upperSpecLimit>30</upperSpecLimit>
          <lowerSpecLimit>10</lowerSpecLimit>
          <site>
            <index>1</index>
            <value>20</value>
            <oos>N</oos>
          </site>
        </parameter>
        <parameter>
          <name>K20_C2</name>
          <target>20</target>
          <upperSpecLimit>30</upperSpecLimit>
          <lowerSpecLimit>10</lowerSpecLimit>
          <site>
            <index>1</index>
            <value>20</value>
            <oos>N</oos>
          </site>
        </parameter>
      </wafer>
    </lot>
  </msgBody>
</msg>