<?xml version="1.0" encoding="GB2312"?>
<msg>
  <rvHeader>
    <source>
      <application>Y1.MES</application>
      <msgBus>MBX</msgBus>
      <domain>Y1</domain>
      <address>FWSRVdefault</address>
    </source>
    <destination>
      <application>Y1.R2R</application>
      <msgBus>TibRv</msgBus>
      <domain>Y1</domain>
      <address>YMTCQATEST.R2R.MES.&gt;</address>
    </destination>
    <replyApplication>
      <addressNo>2</addressNo>
      <address applicationName="Y1.MES" seq="1">replyBox.11719</address>
      <address applicationName="Y1.MES" seq="2">YMTCQATEST.XMLCOMMSRV_REPLY.YMTCTEST.MES_MBX_QATEST</address>
    </replyApplication>
  </rvHeader>
  <msgHeader>
    <srvAddr />
    <reqAddr>YMTCTEST.11643.Metrology.20180706100940340</reqAddr>
    <msgOwner />
    <srvMethod>Metrology</srvMethod>
    <srvId />
    <timeStamp>20180706 100940</timeStamp>
    <timeOut>0</timeOut>
    <txId>36064</txId>
    <locale>EN</locale>
    <retCode>0</retCode>
    <retMsg />
  </msgHeader>
  <msgBody>
    <eventName>Metrology</eventName>
    <fabName>A</fabName>
    <eqpId>UMCRD01</eqpId>
    <area>AMAT</area>
    <batchId />
    <lotCnt>1</lotCnt>
    <lot>
      <lotId>A870132</lotId>
      <lotType>E1</lotType>
      <lotQty>25</lotQty>
      <motherLot>A870132</motherLot>
      <rootLotId>A870132</rootLotId>
      <area>AMAT</area>
      <fabName>A</fabName>
      <technology>24nm</technology>
      <productId>LITHOPRD.0</productId>
      <productType>Production</productType>
      <planId>LITHO-TOP.1</planId>
      <subPlanId>LITHO-SUB01.0</subPlanId>
      <metrologyStepName>UMCRD-01</metrologyStepName>
      <metrologyStepSequence>00008.10.00030</metrologyStepSequence>
      <stage>LITHO-L1</stage>
      <metrololgyRecipeName>CD01_618</metrololgyRecipeName>
      <metrologyLayerName>618</metrologyLayerName>
      <rework>Normal</rework>
      <reworkCnt>0</reworkCnt>
      <metrologyToolName>UMCRD01</metrologyToolName>
      <processingStatus>WaitingForUI</processingStatus>
      <pilotFlag>N</pilotFlag>
      <runcardFlag>N</runcardFlag>
      <r2rMode>ON</r2rMode>
      <waferIds>A870132#22,A870132#04</waferIds>
      <slotIds>22</slotIds>
      <wafer>
        <waferId>A870132#22</waferId>
        <parameter>
          <name>CDMEA01</name>
          <target />
          <upperSpecLimit />
          <lowerSpecLimit />
          <site>
            <index>1</index>
            <value>11</value>
            <oos>N</oos>
          </site>
          <site>
            <index>2</index>
            <value>11</value>
            <oos>N</oos>
          </site>
          <site>
            <index>3</index>
            <value>11</value>
            <oos>N</oos>
          </site>
          <site>
            <index>4</index>
            <value>11</value>
            <oos>N</oos>
          </site>
          <site>
            <index>5</index>
            <value>11</value>
            <oos>N</oos>
          </site>
        </parameter>
      </wafer>
      <wafer>
        <waferId>A870132#04</waferId>
        <parameter>
          <name>CDMEA01</name>
          <target />
          <upperSpecLimit />
          <lowerSpecLimit />
          <site>
            <index>1</index>
            <value>11</value>
            <oos>N</oos>
          </site>
          <site>
            <index>2</index>
            <value>11</value>
            <oos>N</oos>
          </site>
          <site>
            <index>3</index>
            <value>1</value>
            <oos>N</oos>
          </site>
          <site>
            <index>4</index>
            <value>11</value>
            <oos>N</oos>
          </site>
          <site>
            <index>5</index>
            <value>11</value>
            <oos>N</oos>
          </site>
        </parameter>
      </wafer>
    </lot>
  </msgBody>
</msg>