<?xml version="1.0" encoding="GB2312"?>
<msg>
  <rvHeader>
    <source>
      <application>Y1.MES</application>
      <msgBus>MBX</msgBus>
      <domain>Y1</domain>
      <address>FWSRVdefault</address>
    </source>
    <destination>
      <application>Y1.R2R</application>
      <msgBus>TibRv</msgBus>
      <domain>Y1</domain>
      <address>YMTCTEST.R2R.MES.&gt;</address>
    </destination>
    <replyApplication>
      <addressNo>
      </addressNo>
    </replyApplication>
  </rvHeader>
  <msgHeader>
    <srvAddr>YMTCTEST.R2R.MES.&gt;</srvAddr>
    <reqAddr>Y1.WIN-A486VACJ1UJ.QueryLotInfo.20180621175346</reqAddr>
    <msgOwner>WIN-A486VACJ1UJ.7</msgOwner>
    <srvMethod>LotQueryInfo</srvMethod>
    <srvId>R2R</srvId>
    <timeStamp>20180621 175425</timeStamp>
    <timeOut>30</timeOut>
    <txId>20180621175343.939.54545515</txId>
    <locale>EN</locale>
    <retCode>0</retCode>
    <retMsg />
  </msgHeader>
  <msgBody>
    <retCode>0</retCode>
    <retMessage />
    <lot>
      <lotId />
      <lotType />
      <lotQty />
      <motherLot />
      <rootLotId />
      <area />
      <fabName />
      <technology />
      <productId />
      <productType />
      <planId />
      <subPlanId />
      <stepName />
      <stepSequence />
      <stage />
      <recipeId />
      <layerName />
      <rework />
      <reworkCnt />
      <processingStatus />
      <pilotFlag />
      <runcardFlag />
    </lot>
  </msgBody>
</msg>