﻿<?xml version="1.0" encoding="utf-8"?>
<msg xmlns:xsd="http://www.w3.org/2001/XMLSchema" xmlns:xsi="http://www.w3.org/2001/XMLSchema-instance">
  <rvHeader>
    <source>
      <application>Y1.MES</application>
      <msgBus>TibRv</msgBus>
      <domain>Y1</domain>
      <address>YMTCQATEST.OFF.XMLCOMMSRV.&gt;</address>
    </source>
    <destination>
      <application>Y1.R2R</application>
      <msgBus>TibRv</msgBus>
      <domain>Y1</domain>
      <address>YMTCQATEST.R2R.MES.001</address>
    </destination>
    <replyApplication />
  </rvHeader>
  <msgHeader>
    <srvAddr>s1</srvAddr>
    <reqAddr>xxx</reqAddr>
    <msgOwner>MES</msgOwner>
    <srvMethod>Metrology</srvMethod>
    <srvId />
    <timeStamp>2017-12-28 10:01:59</timeStamp>
    <timeOut>30</timeOut>
    <txId>20180704152533.498.4161677</txId>
    <locale>EN</locale>
    <retCode>0</retCode>
    <retMsg />
  </msgHeader>
  <msgBody>
    <eventName />
    <fabName>Y1</fabName>
    <eqpId>YMOVL01</eqpId>
    <area>PH</area>
    <batchId>PH</batchId>
    <lotCnt>1</lotCnt>
    <lot>
      <lotId>Y1000.01</lotId>
      <lotType>P</lotType>
      <lotQty>20</lotQty>
      <rootLotId>Y1000</rootLotId>
      <area>PH</area>
      <fabName>Y1</fabName>
      <productId>10003K_P2</productId>
      <productType>PROD</productType>
      <planId>Plan00-1-1</planId>
      <subPlanId>Plan00-1-1-00001</subPlanId>
      <stage>PH</stage>
      <rework>Normal</rework>
      <reworkCnt>2</reworkCnt>
      <metrologyLayerName>P1</metrologyLayerName>
      <metrologyStepName>UCEBA</metrologyStepName>
      <metrologyStepSequence>200100</metrologyStepSequence>
      <metrologyRecipeName>PH_EDCPLANP1-THK-001</metrologyRecipeName>
      <metrologyToolName>YMOVL01</metrologyToolName>
      <processingStatus>Wait</processingStatus>
      <pilotFlag>N</pilotFlag>
      <runcardFlag>N</runcardFlag>
      <r2rMode>On</r2rMode>
      <waferIds>Lot01#001,Lot01#002</waferIds>
      <slotIds>01,02</slotIds>
      <wafer>
        <waferId>Lot01#001</waferId>
        <parameter>
          <name>TRANS_Y</name>
          <target>0</target>
          <upperSpecLimit>0.001</upperSpecLimit>
          <lowerSpecLimit>-0.001</lowerSpecLimit>
          <site>
            <index>1</index>
            <value>0.0034</value>
            <oos>N</oos>
          </site>
          <site>
            <index>2</index>
            <value>0.0036</value>
            <oos>N</oos>
          </site>
          <site>
            <index>3</index>
            <value>0.0036</value>
            <oos>N</oos>
          </site>
        </parameter>
        <parameter>
          <name>TRANS_X</name>
          <target>0</target>
          <upperSpecLimit>0.001</upperSpecLimit>
          <lowerSpecLimit>-0.001</lowerSpecLimit>
          <site>
            <index>1</index>
            <value>0.0034</value>
            <oos>N</oos>
          </site>
          <site>
            <index>2</index>
            <value>0.0036</value>
            <oos>N</oos>
          </site>
          <site>
            <index>3</index>
            <value>0.0036</value>
            <oos>N</oos>
          </site>
        </parameter>
        <parameter>
          <name>WFR_ROT_X</name>
          <target>0</target>
          <upperSpecLimit>0.001</upperSpecLimit>
          <lowerSpecLimit>-0.001</lowerSpecLimit>
          <site>
            <index>1</index>
            <value>0.0034</value>
            <oos>N</oos>
          </site>
          <site>
            <index>2</index>
            <value>0.0036</value>
            <oos>N</oos>
          </site>
          <site>
            <index>3</index>
            <value>0.0036</value>
            <oos>N</oos>
          </site>
        </parameter>
        <parameter>
          <name>WFR_ROT_Y</name>
          <target>0</target>
          <upperSpecLimit>0.001</upperSpecLimit>
          <lowerSpecLimit>-0.001</lowerSpecLimit>
          <site>
            <index>1</index>
            <value>0.0034</value>
            <oos>N</oos>
          </site>
          <site>
            <index>2</index>
            <value>0.0036</value>
            <oos>N</oos>
          </site>
          <site>
            <index>3</index>
            <value>0.0036</value>
            <oos>N</oos>
          </site>
        </parameter>
        <parameter>
          <name>WFR_MAG_Y</name>
          <target>0</target>
          <upperSpecLimit>0.001</upperSpecLimit>
          <lowerSpecLimit>-0.001</lowerSpecLimit>
          <site>
            <index>1</index>
            <value>0.0034</value>
            <oos>N</oos>
          </site>
          <site>
            <index>2</index>
            <value>0.0036</value>
            <oos>N</oos>
          </site>
          <site>
            <index>3</index>
            <value>0.0036</value>
            <oos>N</oos>
          </site>
        </parameter>
        <parameter>
          <name>WFR_MAG_X</name>
          <target>0</target>
          <upperSpecLimit>0.001</upperSpecLimit>
          <lowerSpecLimit>-0.001</lowerSpecLimit>
          <site>
            <index>1</index>
            <value>0.0034</value>
            <oos>N</oos>
          </site>
          <site>
            <index>2</index>
            <value>0.0036</value>
            <oos>N</oos>
          </site>
          <site>
            <index>3</index>
            <value>0.0036</value>
            <oos>N</oos>
          </site>
        </parameter>
        <parameter>
          <name>SHT_ROT</name>
          <target>0</target>
          <upperSpecLimit>0.001</upperSpecLimit>
          <lowerSpecLimit>-0.001</lowerSpecLimit>
          <site>
            <index>1</index>
            <value>0.0034</value>
            <oos>N</oos>
          </site>
          <site>
            <index>2</index>
            <value>0.0036</value>
            <oos>N</oos>
          </site>
          <site>
            <index>3</index>
            <value>0.0036</value>
            <oos>N</oos>
          </site>
        </parameter>
        <parameter>
          <name>SHT_MAG</name>
          <target>0</target>
          <upperSpecLimit>0.001</upperSpecLimit>
          <lowerSpecLimit>-0.001</lowerSpecLimit>
          <site>
            <index>1</index>
            <value>0.0034</value>
            <oos>N</oos>
          </site>
          <site>
            <index>2</index>
            <value>0.0036</value>
            <oos>N</oos>
          </site>
          <site>
            <index>3</index>
            <value>0.0036</value>
            <oos>N</oos>
          </site>
        </parameter>
      </wafer>
      <wafer>
        <waferId>Lot01#002</waferId>
        <parameter>
          <name>TRANS_Y</name>
          <target>0</target>
          <upperSpecLimit>0.001</upperSpecLimit>
          <lowerSpecLimit>-0.001</lowerSpecLimit>
          <site>
            <index>1</index>
            <value>0.0034</value>
            <oos>N</oos>
          </site>
          <site>
            <index>2</index>
            <value>0.0036</value>
            <oos>N</oos>
          </site>
          <site>
            <index>3</index>
            <value>0.0036</value>
            <oos>N</oos>
          </site>
        </parameter>
        <parameter>
          <name>TRANS_X</name>
          <target>0</target>
          <upperSpecLimit>0.001</upperSpecLimit>
          <lowerSpecLimit>-0.001</lowerSpecLimit>
          <site>
            <index>1</index>
            <value>0.0034</value>
            <oos>N</oos>
          </site>
          <site>
            <index>2</index>
            <value>0.0036</value>
            <oos>N</oos>
          </site>
          <site>
            <index>3</index>
            <value>0.0036</value>
            <oos>N</oos>
          </site>
        </parameter>
        <parameter>
          <name>WFR_ROT_X</name>
          <target>0</target>
          <upperSpecLimit>0.001</upperSpecLimit>
          <lowerSpecLimit>-0.001</lowerSpecLimit>
          <site>
            <index>1</index>
            <value>0.0034</value>
            <oos>N</oos>
          </site>
          <site>
            <index>2</index>
            <value>0.0036</value>
            <oos>N</oos>
          </site>
          <site>
            <index>3</index>
            <value>0.0036</value>
            <oos>N</oos>
          </site>
        </parameter>
        <parameter>
          <name>WFR_ROT_Y</name>
          <target>0</target>
          <upperSpecLimit>0.001</upperSpecLimit>
          <lowerSpecLimit>-0.001</lowerSpecLimit>
          <site>
            <index>1</index>
            <value>0.0034</value>
            <oos>N</oos>
          </site>
          <site>
            <index>2</index>
            <value>0.0036</value>
            <oos>N</oos>
          </site>
          <site>
            <index>3</index>
            <value>0.0036</value>
            <oos>N</oos>
          </site>
        </parameter>
        <parameter>
          <name>WFR_MAG_Y</name>
          <target>0</target>
          <upperSpecLimit>0.001</upperSpecLimit>
          <lowerSpecLimit>-0.001</lowerSpecLimit>
          <site>
            <index>1</index>
            <value>0.0034</value>
            <oos>N</oos>
          </site>
          <site>
            <index>2</index>
            <value>0.0036</value>
            <oos>N</oos>
          </site>
          <site>
            <index>3</index>
            <value>0.0036</value>
            <oos>N</oos>
          </site>
        </parameter>
        <parameter>
          <name>WFR_MAG_X</name>
          <target>0</target>
          <upperSpecLimit>0.001</upperSpecLimit>
          <lowerSpecLimit>-0.001</lowerSpecLimit>
          <site>
            <index>1</index>
            <value>0.0034</value>
            <oos>N</oos>
          </site>
          <site>
            <index>2</index>
            <value>0.0036</value>
            <oos>N</oos>
          </site>
          <site>
            <index>3</index>
            <value>0.0036</value>
            <oos>N</oos>
          </site>
        </parameter>
        <parameter>
          <name>SHT_ROT</name>
          <target>0</target>
          <upperSpecLimit>0.001</upperSpecLimit>
          <lowerSpecLimit>-0.001</lowerSpecLimit>
          <site>
            <index>1</index>
            <value>0.0034</value>
            <oos>N</oos>
          </site>
          <site>
            <index>2</index>
            <value>0.0036</value>
            <oos>N</oos>
          </site>
          <site>
            <index>3</index>
            <value>0.0036</value>
            <oos>N</oos>
          </site>
        </parameter>
        <parameter>
          <name>SHT_MAG</name>
          <target>0</target>
          <upperSpecLimit>0.001</upperSpecLimit>
          <lowerSpecLimit>-0.001</lowerSpecLimit>
          <site>
            <index>1</index>
            <value>0.0034</value>
            <oos>N</oos>
          </site>
          <site>
            <index>2</index>
            <value>0.0036</value>
            <oos>N</oos>
          </site>
          <site>
            <index>3</index>
            <value>0.0036</value>
            <oos>N</oos>
          </site>
        </parameter>
      </wafer>
    </lot>
  </msgBody>
</msg>