<?xml version="1.0" encoding="GB2312"?>
<msg>
  <rvHeader>
    <source>
      <application>Y1.MES</application>
      <msgBus>MBX</msgBus>
      <domain>Y1</domain>
      <address>FWSRVdefault</address>
    </source>
    <destination>
      <application>Y1.R2R</application>
      <msgBus>TibRv</msgBus>
      <domain>Y1</domain>
      <address>YMTCTEST.R2R.MES.&gt;</address>
    </destination>
    <replyApplication>
      <addressNo>
      </addressNo>
    </replyApplication>
  </rvHeader>
  <msgHeader>
    <srvAddr>YMTCTEST.R2R.MES.&gt;</srvAddr>
    <reqAddr>Y1.WIN-A486VACJ1UJ.QueryLotInfo.20180619205218</reqAddr>
    <msgOwner>WIN-A486VACJ1UJ.7</msgOwner>
    <srvMethod>LotQueryInfo</srvMethod>
    <srvId>R2R</srvId>
    <timeStamp>20180619 205257</timeStamp>
    <timeOut>30</timeOut>
    <txId>20180619205218.192.64446827</txId>
    <locale>EN</locale>
    <retCode>1</retCode>
    <retMsg>Error(59-3) reasonCode = Invalid lot Id - 'A860018x' ; ruleReply = CANCELRULE ; TID=20180619205218.192.64446827</retMsg>
  </msgHeader>
  <msgBody>
    <retCode>1</retCode>
    <retMessage>Error(59-3) reasonCode = Invalid lot Id - 'A860018x' ; ruleReply = CANCELRULE ; TID=20180619205218.192.64446827</retMessage>
    <lot>
      <lotId>A860018x</lotId>
      <fabName>FabA</fabName>
    </lot>
  </msgBody>
</msg>