<?xml version="1.0" encoding="GB2312"?>
<msg>
  <rvHeader>
    <source>
      <application>Y1.MES</application>
      <msgBus>MBX</msgBus>
      <domain>Y1</domain>
      <address>FWSRVdefault</address>
    </source>
    <destination>
      <application>Y1.R2R</application>
      <msgBus>TibRv</msgBus>
      <domain>Y1</domain>
      <address>YMTCTEST.R2R.MES.&gt;</address>
    </destination>
    <replyApplication>
      <addressNo>2</addressNo>
      <address applicationName="Y1.MES" seq="1">replyBox.20440</address>
      <address applicationName="B2-MES" seq="2">YMTCTEST.XMLCOMMSRV_REPLY.YMTCTEST.MES_MBX_TEST</address>
    </replyApplication>
  </rvHeader>
  <msgHeader>
    <srvAddr />
    <reqAddr>YMTCTEST.21377.SendExposureContext.20180619211747941</reqAddr>
    <msgOwner />
    <srvMethod>SendExposureContext</srvMethod>
    <srvId />
    <timeStamp>20180619 211747</timeStamp>
    <timeOut>60</timeOut>
    <txId>34461</txId>
    <locale>EN</locale>
    <retCode>0</retCode>
    <retMsg />
  </msgHeader>
  <msgBody>
    <eventName>JobPrep</eventName>
    <fabName>Fab1</fabName>
    <eqpId>UMOVL01</eqpId>
    <area>AMAT</area>
    <batchId>FWADM_FP300_10101</batchId>
    <lotCnt>1</lotCnt>
    <lot>
      <lotId>A860018</lotId>
      <lotType>E1</lotType>
      <lotQty>25</lotQty>
      <motherLot>A860018</motherLot>
      <rootLotId>A860018</rootLotId>
      <area>AMAT</area>
      <fabName>Fab1</fabName>
      <technology>24nm</technology>
      <productId>LITHOPRD.0</productId>
      <productType>Normal</productType>
      <planId>LITHO-TOP.1</planId>
      <subPlanId>LITHO-SUB01.0</subPlanId>
      <metrologyStepName>UMOVL-01</metrologyStepName>
      <metrologyStepSequence>00008.10.00020</metrologyStepSequence>
      <metrologyToolName>UMOVL01</metrologyToolName>
      <stage>LITHO-L1</stage>
      <metrologyRecipeName>OVL01_618</metrologyRecipeName>
      <layerName>618</layerName>
      <rework>Normal</rework>
      <reworkCnt>0</reworkCnt>
      <processingStatus>Active</processingStatus>
      <pilotFlag>N</pilotFlag>
      <runcardFlag>N</runcardFlag>
      <r2rMode>OVL_On</r2rMode>
      <waferIds>A860018#01,A860018#02,A860018#03,A860018#04,A860018#05,A860018#06,A860018#07,A860018#08,A860018#09,A860018#10,A860018#11,A860018#12,A860018#13,A860018#14,A860018#15,A860018#16,A860018#17,A860018#18,A860018#19,A860018#20,A860018#21,A860018#22,A860018#23,A860018#24,A860018#25</waferIds>
      <slotIds>001,002,003,004,005,006,007,008,009,010,011,012,013,014,015,016,017,018,019,020,021,022,023,024,025</slotIds>
    </lot>
  </msgBody>
</msg>