<?xml version="1.0" encoding="GB2312"?>
<msg>
  <rvHeader>
    <source>
      <application>Y1.MES</application>
      <msgBus>MBX</msgBus>
      <domain>Y1</domain>
      <address>FWSRVdefault</address>
    </source>
    <destination>
      <application>Y1.R2R</application>
      <msgBus>TibRv</msgBus>
      <domain>Y1</domain>
      <address>YMTCTEST.R2R.MES.&gt;</address>
    </destination>
    <replyApplication>
      <addressNo>2</addressNo>
      <address applicationName="Y1.MES" seq="1">replyBox.8207</address>
      <address applicationName="B2-MES" seq="2">YMTCTEST.XMLCOMMSRV_REPLY.YMTCTEST.MES_MBX_TEST</address>
    </replyApplication>
  </rvHeader>
  <msgHeader>
    <srvAddr />
    <reqAddr>YMTCTEST.8939.CalcRecipeSettings.20180620164545769</reqAddr>
    <msgOwner />
    <srvMethod>CalcRecipeSettings</srvMethod>
    <srvId />
    <timeStamp>20180620 164545</timeStamp>
    <timeOut>60</timeOut>
    <txId>34602</txId>
    <locale>EN</locale>
    <retCode>0</retCode>
    <retMsg />
  </msgHeader>
  <msgBody>
    <eventName>EapReqJobPrep</eventName>
    <fabName>Fab1</fabName>
    <eqpId>UPLITHO01</eqpId>
    <area />
    <batchId>FWADM_FP300_10481</batchId>
    <lotCnt>1</lotCnt>
    <lot>
      <lotId>A860019</lotId>
      <lotType>E1</lotType>
      <lotQty>25</lotQty>
      <motherLot>A860019</motherLot>
      <rootLotId>A860019</rootLotId>
      <area />
      <fabName>Fab1</fabName>
      <technology>24nm</technology>
      <productId>LITHOPRD.0</productId>
      <productType>Normal</productType>
      <planId>LITHO-TOP.1</planId>
      <subPlanId>LITHO-SUB01.0</subPlanId>
      <stepName>UPLITHO-01</stepName>
      <stepSequence>00008.10.00010</stepSequence>
      <stage>LITHO-L1</stage>
      <recipeId>RCP01@SCNRCP01.618AA2</recipeId>
      <layerName>618</layerName>
      <rework>Normal</rework>
      <reworkCnt>0</reworkCnt>
      <eqpId>UPLITHO01</eqpId>
      <chambers />
      <processingStatus>Active</processingStatus>
      <pilotFlag>N</pilotFlag>
      <runcardFlag>N</runcardFlag>
      <r2rMode>L2L</r2rMode>
      <reticleId>000001-00001-002</reticleId>
      <waferIds>A860019#01,A860019#02,A860019#03,A860019#04,A860019#05,A860019#06,A860019#07,A860019#08,A860019#09,A860019#10,A860019#11,A860019#12,A860019#13,A860019#14,A860019#15,A860019#16,A860019#17,A860019#18,A860019#19,A860019#20,A860019#21,A860019#22,A860019#23,A860019#24,A860019#25</waferIds>
      <slotIds>001,002,003,004,005,006,007,008,009,010,011,012,013,014,015,016,017,018,019,020,021,022,023,024,025</slotIds>
      <calcValues />
    </lot>
  </msgBody>
</msg>