﻿<?xml version="1.0" encoding="utf-8"?>
<msg>
  <rvHeader>
    <source>
      <application>Y1.MES</application>
      <msgBus>TibRv</msgBus>
      <domain>Y1</domain>
      <address>YMTCTEST.OFF.XMLCOMMSRV.&gt;</address>
    </source>
    <destination>
      <application>Y1.R2R</application>
      <msgBus>TibRv</msgBus>
      <domain>Y1</domain>
      <address>YMTCQATEST.R2R.MES.001</address>
    </destination>
    <replyApplication />
  </rvHeader>
  <msgHeader>
    <srvAddr>s1</srvAddr>
    <reqAddr>xxx</reqAddr>
    <msgOwner>MES</msgOwner>
    <srvMethod>UsedSettings</srvMethod>
    <srvId>WIP</srvId>
    <timeStamp>2017-12-28 23:01:59</timeStamp>
    <timeOut>30</timeOut>
    <txId>20180726003153.373.33592719</txId>
    <locale>EN</locale>
    <retCode>0</retCode>
    <retMsg />
  </msgHeader>
  <msgBody>
    <eventName>Jobout</eventName>
    <fabName>Y1</fabName>
    <eqpId>UCLK03</eqpId>
    <area>PH</area>
    <batchId>PH</batchId>
    <lotCnt>1</lotCnt>
    <lot>
      <lotId>Y1000.01</lotId>
      <lotType>P</lotType>
      <lotQty>20</lotQty>
      <rootLotId>Y1000</rootLotId>
      <area>CMP</area>
      <fabName>Y1</fabName>
      <productId>10003K_P2</productId>
      <productType>PROD</productType>
      <planId>Plan00-1-1</planId>
      <subPlanId>Plan00-1-1-00001</subPlanId>
      <stepName>UCLK</stepName>
      <stepSequence>7001200</stepSequence>
      <stage>CMP</stage>
      <recipeId>CMP280PLG55-P3</recipeId>
      <layerName>M5</layerName>
      <rework>Normal</rework>
      <reworkCnt>2</reworkCnt>
      <eqpId>UCLK03</eqpId>
      <pilotFlag>N</pilotFlag>
      <runcardFlag>N</runcardFlag>
      <r2rMode>L2L</r2rMode>
      <reticleId />
      <setpoints>
        <parameter>
          <paraName>Energy</paraName>
          <paraValue>1.03</paraValue>
        </parameter>
        <parameter>
          <paraName>Focus</paraName>
          <paraValue>1.03</paraValue>
        </parameter>
        <parameter>
          <paraName>TRANS_Y</paraName>
          <paraValue>1.02</paraValue>
        </parameter>
        <parameter>
          <paraName>TRANS_X</paraName>
          <paraValue>1.04</paraValue>
        </parameter>
        <parameter>
          <paraName>WFR_ROT_X</paraName>
          <paraValue>1.04</paraValue>
        </parameter>
        <parameter>
          <paraName>WFR_ROT_Y</paraName>
          <paraValue>1.04</paraValue>
        </parameter>
        <parameter>
          <paraName>WFR_MAG_Y</paraName>
          <paraValue>1.04</paraValue>
        </parameter>
        <parameter>
          <paraName>WFR_MAG_X</paraName>
          <paraValue>1.04</paraValue>
        </parameter>
        <parameter>
          <paraName>SHT_ROT</paraName>
          <paraValue>1.04</paraValue>
        </parameter>
        <parameter>
          <paraName>SHT_MAG</paraName>
          <paraValue>1.04</paraValue>
        </parameter>
        <parameter>
          <paraName>CPEModeName</paraName>
          <paraValue>1.04</paraValue>
        </parameter>
      </setpoints>
      <waferSetpoints />
      <lotProcessedValues>
        <parameter>
          <paraName>Energy</paraName>
          <paraValue>1.03</paraValue>
        </parameter>
        <parameter>
          <paraName>Focus</paraName>
          <paraValue>1.03</paraValue>
        </parameter>
        <parameter>
          <paraName>TRANS_Y</paraName>
          <paraValue>1.02</paraValue>
        </parameter>
        <parameter>
          <paraName>TRANS_X</paraName>
          <paraValue>1.04</paraValue>
        </parameter>
        <parameter>
          <paraName>WFR_ROT_X</paraName>
          <paraValue>1.04</paraValue>
        </parameter>
        <parameter>
          <paraName>WFR_ROT_Y</paraName>
          <paraValue>1.04</paraValue>
        </parameter>
        <parameter>
          <paraName>WFR_MAG_Y</paraName>
          <paraValue>1.04</paraValue>
        </parameter>
        <parameter>
          <paraName>WFR_MAG_X</paraName>
          <paraValue>1.04</paraValue>
        </parameter>
        <parameter>
          <paraName>SHT_ROT</paraName>
          <paraValue>1.04</paraValue>
        </parameter>
        <parameter>
          <paraName>SHT_MAG</paraName>
          <paraValue>1.04</paraValue>
        </parameter>
        <parameter>
          <paraName>CPEModeName</paraName>
          <paraValue>1.04</paraValue>
        </parameter>
      </lotProcessedValues>
      <waferProcessedValues>
        <wafer>
          <waferId>Y1000#001</waferId>
          <slotId>001</slotId>
          <processedChambers>H1</processedChambers>
          <parameter>
            <paraName>LK_P1_STEP11</paraName>
            <paraValue>28.1</paraValue>
          </parameter>
          <parameter>
            <paraName>LK_P1_STEP10_Zone1</paraName>
            <paraValue>1.011</paraValue>
          </parameter>
          <parameter>
            <paraName>LK_P1_STEP10_Zone3</paraName>
            <paraValue>1.021</paraValue>
          </parameter>
          <parameter>
            <paraName>LK_P1_STEP10_Zone6</paraName>
            <paraValue>1.031</paraValue>
          </parameter>
          <parameter>
            <paraName>LK_P1_STEP10_Zone7</paraName>
            <paraValue>1.041</paraValue>
          </parameter>
        </wafer>
        <wafer>
          <waferId>Y1000#002</waferId>
          <slotId>002</slotId>
          <processedChambers />
          <parameter>
            <paraName>Energy</paraName>
            <paraValue>1.03</paraValue>
          </parameter>
          <parameter>
            <paraName>Focus</paraName>
            <paraValue>1.03</paraValue>
          </parameter>
          <parameter>
            <paraName>TRANS_Y</paraName>
            <paraValue>1.02</paraValue>
          </parameter>
          <parameter>
            <paraName>TRANS_X</paraName>
            <paraValue>1.04</paraValue>
          </parameter>
          <parameter>
            <paraName>WFR_ROT_X</paraName>
            <paraValue>1.04</paraValue>
          </parameter>
          <parameter>
            <paraName>WFR_ROT_Y</paraName>
            <paraValue>1.04</paraValue>
          </parameter>
          <parameter>
            <paraName>WFR_MAG_Y</paraName>
            <paraValue>1.04</paraValue>
          </parameter>
          <parameter>
            <paraName>WFR_MAG_X</paraName>
            <paraValue>1.04</paraValue>
          </parameter>
          <parameter>
            <paraName>SHT_ROT</paraName>
            <paraValue>1.04</paraValue>
          </parameter>
          <parameter>
            <paraName>SHT_MAG</paraName>
            <paraValue>1.04</paraValue>
          </parameter>
          <parameter>
            <paraName>CPEModeName</paraName>
            <paraValue>1.04</paraValue>
          </parameter>
        </wafer>
        <wafer>
          <waferId>Y1000#003</waferId>
          <slotId>003</slotId>
          <processedChambers />
          <parameter>
            <paraName>Energy</paraName>
            <paraValue>1.03</paraValue>
          </parameter>
          <parameter>
            <paraName>Focus</paraName>
            <paraValue>1.03</paraValue>
          </parameter>
          <parameter>
            <paraName>TRANS_Y</paraName>
            <paraValue>1.02</paraValue>
          </parameter>
          <parameter>
            <paraName>TRANS_X</paraName>
            <paraValue>1.04</paraValue>
          </parameter>
          <parameter>
            <paraName>WFR_ROT_X</paraName>
            <paraValue>1.04</paraValue>
          </parameter>
          <parameter>
            <paraName>WFR_ROT_Y</paraName>
            <paraValue>1.04</paraValue>
          </parameter>
          <parameter>
            <paraName>WFR_MAG_Y</paraName>
            <paraValue>1.04</paraValue>
          </parameter>
          <parameter>
            <paraName>WFR_MAG_X</paraName>
            <paraValue>1.04</paraValue>
          </parameter>
          <parameter>
            <paraName>SHT_ROT</paraName>
            <paraValue>1.04</paraValue>
          </parameter>
          <parameter>
            <paraName>SHT_MAG</paraName>
            <paraValue>1.04</paraValue>
          </parameter>
          <parameter>
            <paraName>CPEModeName</paraName>
            <paraValue>1.04</paraValue>
          </parameter>
        </wafer>
      </waferProcessedValues>
      <waferMetrology />
    </lot>
  </msgBody>
</msg>